Metro Area,Total,Less than 5 minutes,5 to 9 minutes,10 to 14 minutes,15 to 19 minutes,20 to 24 minutes,25 to 29 minutes,30 to 34 minutes,35 to 39 minutes,40 to 44 minutes,45 to 59 minutes,60 to 89 minutes,90 or more minutes,Year
"Killeen-Temple, TX Metro Area",193425,10273,21199,36036,37860,23433,8866,18573,6100,3225,12320,11077,4463,2021
"Kingsport-Bristol, TN-VA Metro Area",110197,4838,12225,16380,17316,17911,9281,10883,4461,2342,8060,4326,2174,2021
"Kingston, NY Metro Area",68260,2356,5573,8907,11030,8459,4213,6500,3203,5039,3873,5429,3678,2021
"Klamath Falls, OR Micro Area",23090,1072,4097,6203,4384,3268,385,978,491,297,1004,254,657,2021
"Knoxville, TN Metro Area",360479,7845,29652,45838,65479,62466,31250,55147,13228,9329,22004,13320,4921,2021
"Kokomo, IN Metro Area",33910,1483,5825,6827,6094,3775,1222,2344,949,667,2005,2142,577,2021
"La Crosse-Onalaska, WI-MN Metro Area",65199,2732,9329,14577,12084,9207,3232,4701,2191,1046,3595,1227,1278,2021
"Lafayette, LA Metro Area",197384,4538,18063,33404,38331,27065,13037,22084,6091,6654,14217,6890,7010,2021
"Lafayette-West Lafayette, IN Metro Area",94219,1995,12768,22356,20974,13392,6851,5975,2450,1235,3843,1720,660,2021
"LaGrange, GA-AL Micro Area",43634,1534,4451,5816,9309,6986,3548,5016,1563,2186,837,1435,953,2021
"Lake Charles, LA Metro Area",87575,2422,9921,16465,21767,13491,5678,7942,2055,644,2522,1826,2842,2021
"Lake City, FL Micro Area",26046,707,1990,3431,5313,4686,1682,2464,510,640,3259,764,600,2021
"Lake Havasu City-Kingman, AZ Metro Area",72471,2898,11228,21845,12788,7542,1513,3983,1176,477,4552,3499,970,2021
"Lakeland-Winter Haven, FL Metro Area",277040,6115,14653,26731,42434,49709,21766,36900,9370,11014,32560,17622,8166,2021
"Lancaster, PA Metro Area",233846,8132,27379,37174,39161,35875,18658,25459,6589,7815,14469,9494,3641,2021
"Lansing-East Lansing, MI Metro Area",200352,8800,22906,32117,39625,33397,13621,19779,4046,5043,9871,7976,3171,2021
"Laredo, TX Metro Area",100409,2795,12475,19620,23828,17428,5230,9521,1001,1885,3121,2028,1477,2021
"Las Cruces, NM Metro Area",83056,2447,9664,16669,19611,9078,4524,8386,1024,2476,3624,4521,1032,2021
"Las Vegas-Henderson-Paradise, NV Metro Area",876598,12263,57338,103988,143932,182335,87462,154919,26443,28371,42338,22517,14692,2021
"Laurel, MS Micro Area",29474,909,1983,4806,6664,4517,3021,3431,571,712,1746,833,281,2021
"Lawrence, KS Metro Area",52272,3630,8241,12431,8686,3906,2110,5585,1273,1869,3128,1165,248,2021
"Lawton, OK Metro Area",48643,1926,9457,10595,10885,5983,2057,4023,295,877,1270,438,837,2021
"Lebanon, NH-VT Micro Area",91752,4967,9813,15476,11366,11089,6109,11884,3899,3945,7441,3624,2139,2021
"Lebanon, PA Metro Area",60211,4612,6956,10533,10865,6554,3793,6186,2101,1421,4325,2276,589,2021
"Lewiston, ID-WA Metro Area",28617,2313,6495,7621,6354,2610,216,790,404,248,528,589,449,2021
"Lewiston-Auburn, ME Metro Area",44375,1377,6450,7114,6638,4541,3320,4823,2063,1449,5339,859,402,2021
"Lexington-Fayette, KY Metro Area",220256,8374,25396,33821,41902,42358,14241,23635,6358,5188,8870,6046,4067,2021
"Lima, OH Metro Area",39234,1616,5972,8292,7635,5072,2169,3802,611,1065,2098,459,443,2021
"Lincoln, NE Metro Area",161613,6057,22548,31161,34123,28569,8570,13635,2256,2150,7115,3277,2152,2021
"Little Rock-North Little Rock-Conway, AR Metro Area",311719,9577,34332,46062,52018,49268,21845,44259,11303,10218,19229,9370,4238,2021
"Logan, UT-ID Metro Area",64403,3483,14034,14928,12652,6167,2516,3878,1129,982,2463,1671,500,2021
"London, KY Micro Area",48450,2099,5227,8874,7908,9259,2269,4673,456,1172,3011,1643,1859,2021
"Longview, TX Metro Area",112444,3122,15534,17002,18123,16596,5724,11879,4356,5350,6547,4834,3377,2021
"Longview, WA Metro Area",39760,873,4402,5079,6804,6607,2179,2863,699,1765,3799,3258,1432,2021
"Los Angeles-Long Beach-Anaheim, CA Metro Area",4773103,73685,293451,540879,697894,716727,304996,879566,139800,229659,414509,358125,123812,2021
"Louisville/Jefferson County, KY-IN Metro Area",519735,10217,42265,70805,91202,112688,53049,69294,16480,14131,21747,11288,6569,2021
"Lubbock, TX Metro Area",149501,6264,25830,36070,44508,15362,3364,8263,1783,534,2375,2606,2542,2021
"Lufkin, TX Micro Area",32361,1407,4552,8645,5326,4607,712,1628,912,818,479,1621,1654,2021
"Lumberton, NC Micro Area",42283,1643,5609,5219,6437,6627,2512,5259,1572,1144,3628,1426,1207,2021
"Lynchburg, VA Metro Area",106336,3190,11766,19771,19400,16244,7578,13024,2011,2248,6149,3238,1717,2021
"Macon-Bibb County, GA Metro Area",86197,3190,6439,11429,15306,16605,6512,10363,4055,1912,4517,4149,1720,2021
"Madera, CA Metro Area",47865,2303,5332,7473,6236,4215,1276,8753,1659,2744,3502,2634,1738,2021
"Madison, WI Metro Area",290258,13506,34314,49088,52130,46059,24531,33306,7494,7152,12662,6184,3832,2021
"Manchester-Nashua, NH Metro Area",180111,4234,18022,29497,26107,26670,13393,20316,6387,7137,14738,9419,4191,2021
"Manhattan, KS Metro Area",61289,2001,13956,16365,8036,6213,2784,6009,701,1201,2585,370,1068,2021
"Manitowoc, WI Micro Area",34973,2285,5764,7370,5059,4661,3237,2848,756,724,856,1046,367,2021
"Mankato, MN Metro Area",49663,3612,10877,11799,9218,5730,1963,2573,706,747,1147,826,465,2021
"Mansfield, OH Metro Area",50762,3075,7259,8656,9161,8978,2253,3611,1134,1343,936,2760,1596,2021
"Marinette, WI-MI Micro Area",27250,2137,4798,4957,4359,2077,2072,2883,596,639,1236,1089,407,2021
"Marion, IN Micro Area",25032,1482,4583,4428,4319,2987,735,1926,349,276,1840,1279,828,2021
"Marion, OH Micro Area",23386,1283,5125,4810,2216,2924,759,1990,153,656,2400,586,484,2021
"Marquette, MI Micro Area",27572,1389,6312,4450,3425,5421,1945,1892,336,156,1197,770,279,2021
"Mayagüez, PR Metro Area",25001,364,2112,4249,4674,5265,1121,3616,548,1296,798,484,474,2021
"Zanesville, OH Micro Area",36688,1337,3423,7080,6971,3607,1949,2769,1191,1360,4034,1995,972,2021
"McAllen-Edinburg-Mission, TX Metro Area",285978,11915,40059,46537,46910,47779,15993,41464,5627,7856,12608,5966,3264,2021
"Meadville, PA Micro Area",30249,2522,3534,4969,4315,3415,2020,2786,588,459,3023,1437,1181,2021
"Medford, OR Metro Area",76535,1814,9854,17462,18882,11266,2949,8641,1363,548,893,1764,1099,2021
"Memphis, TN-MS-AR Metro Area",528702,10792,45221,59689,85334,114677,38832,86970,17684,19447,30131,13108,6817,2021
"Merced, CA Metro Area",93335,3449,10825,15654,13413,9326,3981,9107,1689,2665,6087,6533,10606,2021
"Meridian, MS Micro Area",37200,1122,2512,6343,5083,8500,1573,4585,1021,809,3369,1437,846,2021
"Miami-Fort Lauderdale-Pompano Beach, FL Metro Area",2440654,38007,134829,250523,327450,408420,177136,448898,91507,120504,235942,155452,51986,2021
"Michigan City-La Porte, IN Metro Area",43733,1743,4522,9471,5911,5066,3205,4618,1298,1470,3459,1901,1069,2021
"Midland, MI Metro Area",29902,1290,4469,6715,5263,2269,2418,2754,739,949,1353,637,1046,2021
"Midland, TX Metro Area",81490,2432,7958,17554,18577,10405,4042,8772,1185,3134,3326,2172,1933,2021
"Milwaukee-Waukesha, WI Metro Area",633208,19838,65786,92315,113113,114888,50689,86305,19720,19219,29750,14866,6719,2021
"Minneapolis-St. Paul-Bloomington, MN-WI Metro Area",1430832,41864,139825,191477,246247,246211,124457,196843,48635,55594,81274,39831,18574,2021
"Minot, ND Micro Area",37545,1791,7987,10733,4401,4490,2042,2034,605,563,910,1057,932,2021
"Missoula, MT Metro Area",53476,2217,10883,11792,10241,7543,2689,4211,415,795,1713,314,663,2021
"Mobile, AL Metro Area",166040,2282,12860,16316,28290,32436,11329,26576,6683,5516,13053,7196,3503,2021
"Modesto, CA Metro Area",210481,5186,18509,29082,30025,33275,12690,25314,3866,8554,13764,11758,18458,2021
"Monroe, LA Metro Area",75029,2355,7606,13121,15793,10776,4616,7484,1083,1538,4309,4198,2150,2021
"Monroe, MI Metro Area",61160,2496,6520,6570,5932,7701,4898,9809,3137,3508,5187,4713,689,2021
"Montgomery, AL Metro Area",153012,2897,12339,22547,24980,29526,12261,24326,3452,4839,7755,3726,4364,2021
"Morehead City, NC Micro Area",25913,894,2975,2764,4918,3500,2575,2723,1079,814,2222,744,705,2021
"Morgantown, WV Metro Area",55089,2219,5829,9315,10296,7933,3356,4962,611,1619,3902,3662,1385,2021
"Morristown, TN Metro Area",52571,975,4936,6680,8218,7632,3716,6910,2654,2360,4379,3226,885,2021
"Moses Lake, WA Micro Area",40466,3149,8984,5605,6675,3916,2252,3996,547,1176,2109,1528,529,2021
"Mount Airy, NC Micro Area",29135,444,4152,4198,5467,3868,1049,2998,828,1359,2310,1618,844,2021
"Mount Vernon-Anacortes, WA Metro Area",45276,2180,5863,7637,5930,4448,2374,5477,1241,1856,3829,2584,1857,2021
"Muncie, IN Metro Area",44737,1886,8841,8347,8107,5492,1592,3366,729,888,2398,2119,972,2021
"Muskegon, MI Metro Area",66520,3112,7625,11458,14062,10083,4807,5711,1841,1648,3575,1499,1099,2021
"Muskogee, OK Micro Area",24000,1264,2584,4808,4841,3768,1161,1509,518,387,1787,1194,179,2021
"Myrtle Beach-Conway-North Myrtle Beach, SC-NC Metro Area",182465,5431,13991,28351,34681,33648,13310,28224,3037,4704,8654,3599,4835,2021
"Napa, CA Metro Area",53807,1341,6228,8399,9783,5192,2324,7657,1375,2312,2683,5424,1089,2021
"Naples-Marco Island, FL Metro Area",137381,3242,9119,16275,28203,24152,7956,20413,4351,6641,9869,4699,2461,2021
"Nashville-Davidson--Murfreesboro--Franklin, TN Metro Area",817727,21743,73236,98348,123939,115452,61142,124631,31864,34916,78189,39976,14291,2021
"New Bern, NC Metro Area",50174,2562,5886,9616,7063,7013,1979,6819,1615,1480,3572,1754,815,2021
"New Castle, PA Micro Area",32683,1495,4879,5134,3848,3470,3583,3198,1203,1449,2897,649,878,2021
"New Haven-Milford, CT Metro Area",349887,9140,32516,47582,66458,51303,26734,47341,11285,11559,22897,13561,9511,2021
"New Orleans-Metairie, LA Metro Area",489781,14467,40561,64785,89058,72174,32104,77304,12430,16396,37160,24782,8560,2021
"New Philadelphia-Dover, OH Micro Area",39291,2244,6003,5289,7103,4658,3906,3320,933,1324,2108,1287,1116,2021
"New York-Newark-Jersey City, NY-NJ-PA Metro Area",7057098,146018,418439,645439,784090,827424,398436,1077927,239679,382742,851388,903744,381772,2021
"Niles, MI Metro Area",60298,2248,10510,10550,11789,7456,3126,7528,584,572,2386,1444,2105,2021
"North Port-Sarasota-Bradenton, FL Metro Area",305863,4947,24739,38889,42869,58661,22863,59121,9003,10631,18507,10657,4976,2021
"North Wilkesboro, NC Micro Area",22196,1097,1479,3868,4034,3057,1188,1478,530,1005,2201,1503,756,2021
"Norwich-New London, CT Metro Area",110049,3838,11304,14168,22146,17427,8525,14110,2710,4100,5850,3544,2327,2021
"Oak Harbor, WA Micro Area",32031,1625,7755,5179,4548,3487,767,1471,481,747,2314,2055,1602,2021
"Ocala, FL Metro Area",129162,2491,10888,11028,24314,19233,11295,23768,4726,3508,9310,5375,3226,2021
"Ocean City, NJ Metro Area",36356,1116,5341,6438,7025,4358,1955,5058,332,723,1560,1561,889,2021
"Odessa, TX Metro Area",65103,1460,5425,14219,11786,9252,3232,8499,726,1649,5095,587,3173,2021
"Ogden-Clearfield, UT Metro Area",284262,10210,31641,43085,47966,49196,19714,33845,8305,9888,16273,11002,3137,2021
"Ogdensburg-Massena, NY Micro Area",38718,2968,7724,6548,5363,5704,2737,1714,870,912,1943,1171,1064,2021
"Oklahoma City, OK Metro Area",600256,13417,60243,79820,109459,108072,43855,93708,14878,18439,33264,15396,9705,2021
"Olean, NY Micro Area",29075,2529,5133,4321,3460,3191,1434,2860,1271,788,2400,1127,561,2021
"Olympia-Lacey-Tumwater, WA Metro Area",103476,3800,10275,10988,17544,13861,7176,13222,3485,4128,9332,7119,2546,2021
"Omaha-Council Bluffs, NE-IA Metro Area",416113,14551,49376,64182,81797,76274,36076,50024,9384,8160,13288,7310,5691,2021
"Opelousas, LA Micro Area",28365,1620,3353,3467,4801,3641,1715,3751,405,734,1417,1397,2064,2021
"Orangeburg, SC Micro Area",28772,1306,2720,4690,4355,2193,1096,3827,351,1318,2119,3027,1770,2021
"Orlando-Kissimmee-Sanford, FL Metro Area",1031896,14413,66094,103631,147658,156669,76062,181787,43604,59965,97285,64961,19767,2021
"Oshkosh-Neenah, WI Metro Area",78646,3107,11541,14707,18677,12027,2902,7432,1266,1792,1843,1693,1659,2021
"Ottawa, IL Micro Area",64374,3544,11945,10754,8412,6959,3693,5742,1720,1889,4557,2948,2211,2021
"Owensboro, KY Metro Area",48785,3265,8351,9192,7340,4593,1587,4666,2080,1763,2863,2087,998,2021
"Oxnard-Thousand Oaks-Ventura, CA Metro Area",318293,8007,31023,48949,44675,39317,50897,34441,6407,12018,21575,13762,7222,2021
"Paducah, KY-IL Micro Area",36161,2079,6060,8392,5929,4154,1318,4864,871,1070,954,166,304,2021
"Palatka, FL Micro Area",19718,420,2536,2306,2334,1811,619,1843,713,734,4220,1423,759,2021
"Palm Bay-Melbourne-Titusville, FL Metro Area",229505,4173,19157,27891,43233,41785,21840,31447,5455,7895,12471,9070,5088,2021
"Panama City, FL Metro Area",78754,3271,9207,8567,16137,10168,4737,13392,3181,2261,3853,2574,1406,2021
"Parkersburg-Vienna, WV Metro Area",34935,1799,2820,5583,9014,6540,2542,2737,134,1007,1550,750,459,2021
"Pensacola-Ferry Pass-Brent, FL Metro Area",203896,5910,18676,25830,33622,27681,14836,32656,4397,8561,18212,8802,4713,2021
"Peoria, IL Metro Area",155388,7227,20466,27538,26796,21399,14278,16425,4331,3663,7778,3334,2153,2021
"Philadelphia-Camden-Wilmington, PA-NJ-DE-MD Metro Area",2287095,60682,186990,262456,330392,312969,165939,351449,82430,111606,232625,135898,53659,2021
"Phoenix-Mesa-Chandler, AZ Metro Area",1787166,49067,148277,219900,255810,301080,143898,271955,64683,75734,146578,80373,29811,2021
"Pine Bluff, AR Metro Area",27667,984,2678,4781,6369,2153,2540,2975,775,1036,2150,966,260,2021
"Pinehurst-Southern Pines, NC Micro Area",39414,936,5378,5282,5374,3200,2206,5392,1638,775,5866,3172,195,2021
"Pittsburgh, PA Metro Area",889849,26024,87124,108007,138448,131469,69411,120706,31878,41562,75378,42947,16895,2021
"Pittsfield, MA Metro Area",51887,2230,8664,10282,7635,6260,1803,6074,1936,996,4375,1026,606,2021
"Plattsburgh, NY Micro Area",32213,1934,5581,5833,5927,3220,1502,3461,883,1147,1301,844,580,2021
"Pocatello, ID Metro Area",37972,1865,8155,9499,8959,3206,1196,1364,105,246,1459,835,1083,2021
"Ponce, PR Metro Area",61473,551,4658,8884,13592,12630,3525,6757,576,2625,3677,2304,1694,2021
"Port Angeles, WA Micro Area",25979,1372,5591,4009,4031,3358,941,3421,465,245,1482,645,419,2021
"Portland-South Portland, ME Metro Area",220301,9479,24002,31033,32411,30561,15988,27140,8924,7366,20109,9110,4178,2021
"Portland-Vancouver-Hillsboro, OR-WA Metro Area",899350,24987,81929,124127,152724,141894,71806,129580,29862,30215,60952,34051,17223,2021
"Port St. Lucie, FL Metro Area",184888,3246,7875,21717,27426,32876,7575,37359,3320,9035,17480,11526,5453,2021
"Portsmouth, OH Micro Area",22070,1496,3772,3592,2887,2324,2803,1789,555,572,883,637,760,2021
"Pottsville, PA Micro Area",53799,2934,6512,7101,7032,9120,3339,4559,1657,2402,3829,3615,1699,2021
"Poughkeepsie-Newburgh-Middletown, NY Metro Area",273426,8312,26092,37272,41458,28550,14856,27693,8812,13493,25595,24041,17252,2021
"Prescott Valley-Prescott, AZ Metro Area",81301,3973,11565,14923,12156,12463,5980,10667,1330,1225,1128,2047,3844,2021
"Providence-Warwick, RI-MA Metro Area",684831,14983,61860,103878,110337,105585,45055,90084,21082,31323,48750,36762,15132,2021
"Provo-Orem, UT Metro Area",265938,11943,36375,45951,43873,39643,17973,27277,8300,7970,14999,8565,3069,2021
"Pueblo, CO Metro Area",62975,1238,7849,11509,12966,10662,3332,5761,1439,1565,4156,1718,780,2021
"Punta Gorda, FL Metro Area",57786,1518,5629,9615,11894,8863,2895,5464,1978,1359,4159,3222,1190,2021
"Quincy, IL-MO Micro Area",31264,1830,7025,6631,4263,2732,1627,3718,618,630,1266,668,256,2021
"Racine, WI Metro Area",82610,2371,12110,15085,11178,10235,5918,8924,3170,4495,6044,1955,1125,2021
"Raleigh-Cary, NC Metro Area",504842,11259,39366,58850,74362,74894,43887,80072,19488,25642,46196,20154,10672,2021
"Rapid City, SD Metro Area",62153,2390,9615,14086,13984,9207,3137,5040,205,706,2019,1302,462,2021
"Reading, PA Metro Area",174110,4572,17478,26808,31386,27831,12448,17584,4166,6693,12002,9710,3432,2021
"Red Bluff, CA Micro Area",23276,590,3262,5081,5861,1423,1102,2878,777,525,1148,320,309,2021
"Redding, CA Metro Area",63313,2671,10967,16075,14119,7081,2492,4336,628,715,2178,1135,916,2021
"Reno, NV Metro Area",211979,8480,19585,27907,42501,39485,16791,23696,5722,5366,14292,4608,3546,2021
"Rexburg, ID Micro Area",29628,4419,6315,6226,2333,1905,826,1684,1677,1593,1094,950,606,2021
"Richmond, IN Micro Area",25701,2065,3905,4469,5537,3450,1181,1863,342,703,855,771,560,2021
"Richmond, VA Metro Area",498169,10461,36152,61536,85120,88310,42367,77536,21487,16347,33460,16765,8628,2021
"Richmond-Berea, KY Micro Area",45510,1426,6632,7578,7967,2907,2177,5002,1527,2038,4250,2882,1124,2021
"Rio Grande City-Roma, TX Micro Area",18538,2728,2103,3662,2641,1921,346,1422,313,53,1220,1962,167,2021
"Riverside-San Bernardino-Ontario, CA Metro Area",1694146,37601,122905,202579,236404,212925,102253,230518,43395,71078,155484,173964,105040,2021
"Roanoke, VA Metro Area",124966,4947,12610,19040,21657,25156,9195,13327,3927,2495,6116,5347,1149,2021
"Roanoke Rapids, NC Micro Area",21514,2261,3563,2419,2022,3053,1056,2239,386,543,2205,921,846,2021
"Rochester, MN Metro Area",100578,5480,11526,22720,22140,11880,6151,7434,1454,1756,5795,3061,1181,2021
"Rochester, NY Metro Area",434068,17122,53282,72852,79598,77471,34525,43928,11313,10615,15758,11808,5796,2021
"Rockford, IL Metro Area",126372,2679,11546,22492,24800,23696,9230,13361,2096,1836,6386,5362,2888,2021
"Rocky Mount, NC Metro Area",57043,1927,7653,8680,11913,6857,3880,6305,1627,1587,3752,2038,824,2021
"Rome, GA Metro Area",40482,1715,4838,8965,7021,7487,1767,4005,635,521,1915,734,879,2021
"Roseburg, OR Micro Area",35014,2876,4493,6622,7585,5434,1716,3058,379,249,1460,564,578,2021
"Russellville, AR Micro Area",32651,1557,6117,4329,6538,4872,965,3363,214,175,1947,1156,1418,2021
"Sacramento-Roseville-Folsom, CA Metro Area",833130,21446,73329,106213,140680,131738,61653,123748,24303,35706,54732,29285,30297,2021
"Saginaw, MI Metro Area",68570,3116,10173,13644,10643,10302,4238,6930,1698,1306,2661,2286,1573,2021
"St. Cloud, MN Metro Area",95008,3705,14354,19035,17313,11520,6904,8434,2421,1676,3546,4074,2026,2021
"St. George, UT Metro Area",65210,2889,9119,14556,14243,10189,3908,4290,1121,341,1981,1330,1243,2021
"St. Joseph, MO-KS Metro Area",49081,3634,9858,10454,9324,4446,1456,4123,949,632,1558,2061,586,2021
"St. Louis, MO-IL Metro Area",1109252,26611,96511,140736,182176,188409,96563,156944,47697,45042,77174,35418,15971,2021
"Salem, OH Micro Area",42863,2446,6743,7586,4409,4137,3091,4008,2040,2136,4101,1801,365,2021
"Salem, OR Metro Area",159375,7077,17837,23454,29283,20833,9958,17921,4962,4577,11951,8508,3014,2021
"Salinas, CA Metro Area",161304,3008,12955,15245,24363,44254,13612,15963,5877,6553,7715,7467,4292,2021
"Salisbury, MD-DE Metro Area",159654,5490,18167,25279,25907,21772,9806,16524,6338,4829,13617,7052,4873,2021
"Salt Lake City, UT Metro Area",503020,13720,49088,81464,94619,97906,38271,58146,11723,13585,25054,13589,5855,2021
"San Angelo, TX Metro Area",51303,2067,9086,13992,13134,4151,2128,1971,1418,539,741,773,1303,2021
"San Antonio-New Braunfels, TX Metro Area",1019865,22830,82863,126705,156603,164714,82583,167903,31950,35553,82816,44500,20845,2021
"San Diego-Chula Vista-Carlsbad, CA Metro Area",1239125,21675,84299,163651,228818,232044,92638,196713,35866,46774,71878,44043,20726,2021
"Sandusky, OH Micro Area",29873,1606,5347,4176,5230,3821,2647,2598,1454,741,1011,459,783,2021
"San Francisco-Oakland-Berkeley, CA Metro Area",1493862,30357,106206,168652,222571,217944,83469,222793,53230,75739,148829,120664,43408,2021
"San Germán, PR Metro Area",30561,179,2689,5768,4338,4752,1818,3876,961,1796,1872,1184,1328,2021
"San Jose-Sunnyvale-Santa Clara, CA Metro Area",627956,12877,43492,81174,118647,118005,48353,93306,14246,21832,40681,24877,10466,2021
"San Juan-Bayamón-Caguas, PR Metro Area",656397,15633,43319,68599,101278,107698,31791,113043,16394,37593,50805,53997,16247,2021
"San Luis Obispo-Paso Robles, CA Metro Area",102110,4672,16481,15415,15326,14280,9739,11510,2535,1977,5602,2359,2214,2021
"Santa Cruz-Watsonville, CA Metro Area",96121,2569,10621,16435,17555,15994,5204,9259,2134,2825,7736,4891,898,2021
"Santa Fe, NM Metro Area",52742,1479,8409,6555,8901,7226,2716,6676,1121,1334,4792,2556,977,2021
"Santa Maria-Santa Barbara, CA Metro Area",169152,6360,27267,42716,28349,18608,9531,14790,2264,4181,6814,6060,2212,2021
"Santa Rosa-Petaluma, CA Metro Area",184657,6706,19164,30464,26299,26946,10128,26141,3310,5216,12171,11289,6823,2021
"Savannah, GA Metro Area",176429,5233,16523,22352,25757,31523,10230,32600,5649,3559,15757,5764,1482,2021
"Scranton--Wilkes-Barre, PA Metro Area",225847,9793,25738,37770,40718,36570,14474,22267,5297,6487,12908,7900,5925,2021
"Searcy, AR Micro Area",31255,1523,6988,4777,4131,2270,1096,3631,1896,294,2268,1905,476,2021
"Seattle-Tacoma-Bellevue, WA Metro Area",1416094,33233,98643,150505,197228,206951,107692,227266,53005,68108,137703,100625,35135,2021
"Sebastian-Vero Beach, FL Metro Area",55598,505,6688,11606,11010,7822,3281,6791,924,974,2960,1402,1635,2021
"Sebring-Avon Park, FL Metro Area",30851,1541,4125,4651,6375,4788,1482,2734,1217,745,1803,1014,376,2021
"Seneca, SC Micro Area",28003,748,3627,6243,4131,2991,2013,2423,2141,889,860,967,970,2021
"Sevierville, TN Micro Area",39529,1079,2753,3964,7954,4919,1787,6247,1683,1886,3389,3391,477,2021
"Shawnee, OK Micro Area",28381,2164,3897,4759,3836,3230,1033,2497,737,1217,3055,1559,397,2021
"Sheboygan, WI Metro Area",52629,4126,9478,10559,9422,7173,2414,3316,1349,1012,1618,1352,810,2021
"Shelby, NC Micro Area",41278,1664,5198,4396,6581,7306,3248,4598,1636,1081,2454,1930,1186,2021
"Shelton, WA Micro Area",23033,927,2277,1190,1511,1353,670,3864,890,1435,5374,2387,1155,2021
"Sherman-Denison, TX Metro Area",56339,3853,6221,6847,9883,7738,2642,5600,2967,1327,4217,3579,1465,2021
"Show Low, AZ Micro Area",30607,1267,7035,4096,4487,2202,1052,3870,1006,635,1454,1874,1629,2021
"Shreveport-Bossier City, LA Metro Area",143795,3557,14832,24016,31189,24129,8575,19882,4118,2227,3685,4349,3236,2021
"Sierra Vista-Douglas, AZ Metro Area",41598,2263,7517,7143,6714,4249,1787,2643,1820,542,2102,3183,1635,2021
"Sioux City, IA-NE-SD Metro Area",70035,4136,11656,12521,17046,9909,3698,4315,1471,1794,2097,714,678,2021
"Sioux Falls, SD Metro Area",134242,6503,18226,27014,32857,22569,6009,10003,1394,1331,4525,2272,1539,2021
"Somerset, KY Micro Area",23392,1739,2308,2387,6569,2061,1290,2453,305,1562,1111,755,852,2021
"Somerset, PA Micro Area",27577,1969,4156,3185,4894,3830,1711,2837,618,324,2231,1224,598,2021
"South Bend-Mishawaka, IN-MI Metro Area",133107,4235,15616,19542,24017,21774,11014,16840,3375,5186,5591,3932,1985,2021
"Spartanburg, SC Metro Area",140691,5767,12766,16957,23972,24645,10772,19411,6101,3769,9665,3907,2959,2021
"Spokane-Spokane Valley, WA Metro Area",221133,8270,19746,32785,42994,41534,16280,30950,4156,5184,9230,6350,3654,2021
"Springfield, IL Metro Area",81899,3196,9120,13702,22233,14383,5528,5445,1691,1221,1368,2725,1287,2021
"Springfield, MA Metro Area",257600,5901,27341,37439,48420,42865,21269,32131,8049,6873,13076,7359,6877,2021
"Springfield, MO Metro Area",201013,6365,22515,29962,37989,35031,14116,24375,6599,5353,10264,4986,3458,2021
"Springfield, OH Metro Area",55284,2627,6801,8002,10773,7917,4446,5525,2033,1058,3470,1579,1053,2021
"State College, PA Metro Area",57988,1876,5970,13824,12101,7696,3333,5895,1496,1484,2047,1726,540,2021
"Statesboro, GA Micro Area",32166,962,6151,5217,4323,4025,847,1910,784,1152,1657,4473,665,2021
"Staunton, VA Metro Area",55121,1631,6428,5459,10309,9807,4622,5684,3385,2484,3792,1136,384,2021
"Stevens Point, WI Micro Area",31357,1284,7424,5696,4003,4014,1830,2422,591,913,1601,971,608,2021
"Stillwater, OK Micro Area",33746,1736,7625,9970,4866,3036,729,1851,756,670,1028,987,492,2021
"Stockton, CA Metro Area",282388,7060,22998,37613,41142,40404,12671,31961,5928,7114,20431,30519,24547,2021
"Sumter, SC Metro Area",53129,1179,3743,9556,9907,7177,2269,4486,654,2986,3557,5107,2508,2021
"Sunbury, PA Micro Area",36856,2080,4007,6043,6227,6210,1720,5221,804,411,1701,1480,952,2021
"Syracuse, NY Metro Area",260332,10485,32338,44709,53167,41578,19106,24369,6688,6020,10226,8291,3355,2021
"Talladega-Sylacauga, AL Micro Area",27023,877,3059,2818,4589,3647,1977,3089,806,505,3278,1725,653,2021
"Tallahassee, FL Metro Area",156154,3736,14639,21215,33119,26887,13357,20680,3039,4994,9920,2128,2440,2021
"Tampa-St. Petersburg-Clearwater, FL Metro Area",1191597,28556,97521,142135,183302,174560,78879,181380,45144,54303,118830,64795,22192,2021
"Terre Haute, IN Metro Area",76132,3618,9678,12902,12534,9604,4711,9363,1409,1935,4494,3282,2602,2021
"Texarkana, TX-AR Metro Area",55122,1132,6176,17116,8950,7718,1733,4647,473,1859,3042,1889,387,2021
"The Villages, FL Metro Area",24495,1075,1049,2994,3350,2300,1389,4363,507,754,2766,3188,760,2021
"Toledo, OH Metro Area",268979,9234,35966,44957,49763,43990,24275,28983,7042,4685,9507,6650,3927,2021
"Topeka, KS Metro Area",95096,5457,9589,19812,20295,14485,5282,6695,2262,2394,4296,3059,1470,2021
"Torrington, CT Micro Area",76675,4533,9471,8008,10554,9066,4750,7716,3515,4033,7039,5607,2383,2021
"Traverse City, MI Micro Area",59193,3057,6362,10027,11264,9196,3271,5463,1400,1958,3412,2185,1598,2021
"Trenton-Princeton, NJ Metro Area",128137,2671,12805,21664,26319,22193,8241,11071,3319,3423,6672,4699,5060,2021
"Truckee-Grass Valley, CA Micro Area",31832,914,6474,6026,3690,2730,1960,3707,1119,1085,1516,1634,977,2021
"Tucson, AZ Metro Area",387418,8938,34706,46054,68912,66415,35233,61439,13152,13022,23973,8893,6681,2021
"Tullahoma-Manchester, TN Micro Area",42576,2195,5558,5193,6503,6108,1583,7730,504,727,3502,2671,302,2021
"Tulsa, OK Metro Area",406182,13400,42792,60888,73759,74036,31175,56635,10222,10150,18662,9399,5064,2021
"Tupelo, MS Micro Area",67901,1048,8167,10593,11816,11425,4694,9511,2703,1269,4140,1039,1496,2021
"Tuscaloosa, AL Metro Area",107718,2487,9675,14462,25610,17342,6104,11101,3660,1984,7272,6249,1772,2021
"Twin Falls, ID Metro Area",48126,2880,10165,8395,9375,4888,2917,3944,1354,471,1999,710,1028,2021
"Tyler, TX Metro Area",97883,2353,8668,10623,21613,20019,6639,15011,1384,2107,4563,2924,1979,2021
"Ukiah, CA Micro Area",32522,3663,6794,9113,4926,1060,224,3322,576,446,904,527,967,2021
"Urban Honolulu, HI Metro Area",424900,7661,38761,54641,66785,58293,24234,80164,10551,15629,38292,24166,5723,2021
"Utica-Rome, NY Metro Area",109079,5841,14671,21529,18669,14807,6969,11173,1576,2753,5836,3867,1388,2021
"Valdosta, GA Metro Area",55187,2253,7579,10577,10312,9177,3426,4637,1458,1533,2414,1004,817,2021
"Vallejo, CA Metro Area",177381,5205,16184,23091,24434,24168,10131,18701,4358,4615,16297,19178,11019,2021
"Victoria, TX Metro Area",42080,1475,4270,9536,6949,6254,2085,3882,1798,968,4086,199,578,2021
"Vineland-Bridgeton, NJ Metro Area",54830,2071,8591,7192,8383,7539,2999,5540,1735,2612,4572,2755,841,2021
"Virginia Beach-Norfolk-Newport News, VA-NC Metro Area",786878,18646,65038,112181,141362,125373,62915,113261,27453,28065,52827,27312,12445,2021
"Visalia, CA Metro Area",165341,5564,23463,27790,25629,18562,8846,19690,4411,4690,12996,9746,3954,2021
"Waco, TX Metro Area",112933,3432,15483,19309,21242,18953,8768,13416,1635,1743,3610,2032,3310,2021
"Walla Walla, WA Metro Area",24379,1547,7127,7615,2891,1028,783,1266,544,491,188,825,74,2021
"Warner Robins, GA Metro Area",79250,488,6664,15588,15180,14830,5189,11602,2733,2442,1437,1525,1572,2021
"Warsaw, IN Micro Area",35177,2702,6185,6629,5646,4622,2534,3038,848,501,1208,885,379,2021
"Washington-Arlington-Alexandria, DC-VA-MD-WV Metro Area",2217836,40707,128785,211878,265037,295652,156239,359005,98151,132473,265734,199482,64693,2021
"Waterloo-Cedar Falls, IA Metro Area",75671,5406,13299,18095,15749,9411,4083,3886,1314,639,1537,1284,968,2021
"Watertown-Fort Atkinson, WI Micro Area",38844,2042,5296,5437,4456,4425,1323,5052,1801,2152,4475,1977,408,2021
"Watertown-Fort Drum, NY Metro Area",49920,3840,9069,7798,8970,6841,2882,4075,1407,1402,1730,969,937,2021
"Wausau-Weston, WI Metro Area",72528,4075,10779,12938,15074,10232,4416,6280,1735,2151,1511,1814,1523,2021
"Yuma, AZ Metro Area",71073,4294,11161,10228,12586,12086,4647,8466,1065,2048,874,1716,1902,2021
"Weirton-Steubenville, WV-OH Metro Area",43276,1942,6067,7452,4988,5895,2363,5980,1419,1813,2837,1789,731,2021
"Wenatchee, WA Metro Area",48514,1516,7306,10435,12772,4328,1618,4590,1157,702,2031,1169,890,2021
"Wheeling, WV-OH Metro Area",54386,2109,5199,10932,8305,7649,3788,7363,972,1920,2217,2217,1715,2021
"Whitewater, WI Micro Area",44880,2445,6825,6406,6081,4346,3092,5309,1926,1361,3146,2883,1060,2021
"Wichita, KS Metro Area",276502,9484,33343,44798,58759,52872,21193,31350,5554,6002,5284,4591,3272,2021
"Wichita Falls, TX Metro Area",65941,4722,14288,14933,13960,8634,2145,3087,351,239,1478,823,1281,2021
"Williamsport, PA Metro Area",46319,2413,8514,9708,7784,5987,2241,3985,1243,1357,1474,898,715,2021
"Wilmington, NC Metro Area",118687,2409,13738,19703,23323,21306,6148,14212,3690,3020,3803,4087,3248,2021
"Wilson, NC Micro Area",30117,1254,3746,5597,4557,3057,2000,3370,917,432,2365,2202,620,2021
"Winchester, VA-WV Metro Area",58133,3071,5580,8146,9148,7159,4307,5254,1475,1531,3801,5014,3647,2021
"Winston-Salem, NC Metro Area",260441,5190,23388,40131,52255,41396,19439,33205,7919,7305,14058,8469,7686,2021
"Wisconsin Rapids-Marshfield, WI Micro Area",30096,1778,6040,4997,5476,2775,1465,3347,637,826,1203,921,631,2021
"Wooster, OH Micro Area",46014,3466,8100,8090,6839,5859,3362,3881,1060,660,2155,1689,853,2021
"Worcester, MA-CT Metro Area",394210,11153,37724,52260,55283,48732,32270,50069,14282,15257,35239,30960,10981,2021
"Yakima, WA Metro Area",94796,3714,13760,15705,21101,14088,7103,8552,1256,2181,3552,1747,2037,2021
"Yauco, PR Metro Area",21987,347,1100,6031,4637,3806,1046,2654,348,342,770,603,303,2021
"York-Hanover, PA Metro Area",196881,5878,19645,29367,27633,31941,14207,23534,6679,7200,14912,10886,4999,2021
"Youngstown-Warren-Boardman, OH-PA Metro Area",208426,9998,27799,34931,35036,33028,14268,19643,6704,4838,8851,9892,3438,2021
"Yuba City, CA Metro Area",68660,2330,6046,11962,11061,8890,3166,4882,1782,3024,8828,5904,785,2021
"Aberdeen, WA Micro Area",24188,1660,4197,3217,4699,2127,1628,1820,550,1072,1899,900,419,2021
"Abilene, TX Metro Area",73448,2766,14050,16720,15620,11163,2422,4149,788,938,2034,1821,977,2021
"Adrian, MI Micro Area",36642,2122,6448,4596,3427,3937,3127,2554,1346,1114,3442,3497,1032,2021
"Aguadilla-Isabela, PR Metro Area",83331,2682,11400,10614,16291,8303,5910,7032,4406,1244,6876,5734,2839,2021
"Beaumont-Port Arthur, TX Metro Area",159114,4474,18033,20138,26348,32313,10439,22994,4426,3100,8582,5101,3166,2021
"Akron, OH Metro Area",283406,6136,34072,41508,52075,41384,23503,33540,10757,9710,17339,7744,5638,2021
"Alamogordo, NM Micro Area",23834,1623,4235,3544,4072,4332,1267,1547,1026,130,1226,482,350,2021
"Albany, GA Metro Area",53458,2652,5440,8445,14223,8120,1897,5623,543,1175,2884,1062,1394,2021
"Albany-Lebanon, OR Metro Area",48960,2341,7686,7664,5048,4105,5108,5495,2233,1219,4534,2129,1398,2021
"Albany-Schenectady-Troy, NY Metro Area",351054,8969,36394,51211,63139,60082,30140,43593,11474,11875,20678,7765,5734,2021
"Albertville, AL Micro Area",37874,1818,5809,5920,4509,4665,2990,3251,775,1401,2600,3320,816,2021
"Albuquerque, NM Metro Area",339364,9962,30075,42201,62399,55295,28234,51726,8422,11839,19326,11997,7888,2021
"Alexandria, LA Metro Area",54502,1228,6731,12824,12725,7046,3367,5823,1047,448,1283,953,1027,2021
"Allentown-Bethlehem-Easton, PA-NJ Metro Area",339877,9473,31978,42907,56960,54236,24994,44767,12159,12311,22329,16595,11168,2021
"Altoona, PA Metro Area",49066,2952,9049,8595,6595,6122,3090,5493,1466,1317,2276,914,1197,2021
"Amarillo, TX Metro Area",113619,3277,11151,20607,35558,18856,4833,8768,809,805,4117,3240,1598,2021
"Ames, IA Metro Area",52524,3614,11974,8940,9934,6102,2694,3503,928,1232,1740,914,949,2021
"Anchorage, AK Metro Area",169499,6657,19758,32278,35492,26957,8625,14350,2858,3724,6603,7195,5002,2021
"Ann Arbor, MI Metro Area",129418,3918,13443,20124,23781,22717,8722,14763,4569,3904,7266,4394,1817,2021
"Anniston-Oxford, AL Metro Area",45414,1546,4474,4495,6821,8722,3919,7407,1270,901,2970,1653,1236,2021
"Appleton, WI Metro Area",109833,4759,15779,18039,19393,18032,7941,11294,3561,2335,3921,1833,2946,2021
"Arecibo, PR Metro Area",49917,867,2195,3327,8184,14992,5494,6678,2215,968,2028,1561,1408,2021
"Asheville, NC Metro Area",179600,3837,15192,24006,39613,36362,10324,23358,5153,6143,8265,4217,3130,2021
"Ashtabula, OH Micro Area",38365,1397,5296,5901,5137,3475,2716,4626,1574,2389,3594,1104,1156,2021
"Athens, TX Micro Area",28103,1782,3675,2831,3958,2338,1783,3153,1224,274,2504,2524,2057,2021
"Athens-Clarke County, GA Metro Area",86741,2206,13885,12929,16660,12232,5341,9901,1424,1413,3312,4997,2441,2021
"Atlanta-Sandy Springs-Alpharetta, GA Metro Area",2270521,38560,124494,241265,305422,322948,163818,370994,97385,119021,266197,165960,54457,2021
"Atlantic City-Hammonton, NJ Metro Area",107131,2836,11935,12271,18144,20174,9240,10846,2791,3858,6148,5388,3500,2021
"Auburn, NY Micro Area",29460,1866,5380,4216,4842,3178,1338,3045,1032,1271,2058,698,536,2021
"Auburn-Opelika, AL Metro Area",73870,1266,8849,11462,16639,12057,2402,9702,1870,1283,4573,2801,966,2021
"Augusta-Richmond County, GA-SC Metro Area",246344,5818,21053,35651,42455,38202,23716,36588,8086,5238,19531,7214,2792,2021
"Augusta-Waterville, ME Micro Area",47826,1869,7406,7592,6579,5000,3490,6367,2217,1601,2190,2654,861,2021
"Austin-Round Rock-Georgetown, TX Metro Area",856005,19773,62982,105113,132681,130888,66935,146116,24969,36606,71781,45074,13087,2021
"Bakersfield, CA Metro Area",315610,7177,30842,48218,74443,57430,23179,33653,4843,5255,10234,10176,10160,2021
"Baltimore-Columbia-Towson, MD Metro Area",1097176,21956,81266,125111,153805,166889,86061,162207,43851,51777,111384,68131,24738,2021
"Bangor, ME Metro Area",61860,3124,9370,9419,10307,9286,3355,5800,1799,2309,2756,2308,2027,2021
"Baraboo, WI Micro Area",30459,2212,5846,4064,3331,3419,2127,3261,936,1140,2157,1580,386,2021
"Barnstable Town, MA Metro Area",90703,2851,14174,17781,14998,13427,3844,8125,2437,2238,3899,3766,3163,2021
"Baton Rouge, LA Metro Area",345528,5861,25384,42766,51168,46380,24527,60287,12062,15694,34484,19652,7263,2021
"Battle Creek, MI Metro Area",51240,1476,7661,12167,9541,6988,3112,4659,1583,978,2014,620,441,2021
"Bay City, MI Metro Area",43040,1755,7349,8120,6829,5941,2567,3830,1631,1103,2133,886,896,2021
"Beaver Dam, WI Micro Area",43028,2526,6386,7521,5703,6213,2451,4798,1212,1198,2525,1920,575,2021
"Beckley, WV Metro Area",35361,523,4564,5841,7043,4573,2010,3469,422,1452,2128,2338,998,2021
"Bellingham, WA Metro Area",91290,4410,12882,16116,15335,12967,5741,9989,2129,3054,4253,3248,1166,2021
"Bend, OR Metro Area",78616,4511,14657,14313,12454,12178,4020,8241,2042,1243,2740,1485,732,2021
"Billings, MT Metro Area",80416,3592,10318,15389,17546,13440,5880,6514,1250,795,2152,1891,1649,2021
"Binghamton, NY Metro Area",97597,2666,13986,20541,18202,13393,6255,9474,1862,2074,5118,2535,1491,2021
"Birmingham-Hoover, AL Metro Area",436824,10140,33437,51881,68546,71532,32256,69778,17411,16634,40881,16201,8127,2021
"Bismarck, ND Metro Area",63027,2365,11285,17494,15778,6797,2065,2778,215,361,1634,1501,754,2021
"Blacksburg-Christiansburg, VA Metro Area",65639,3607,10714,12234,10358,8527,3826,6844,1213,1566,4102,2051,597,2021
"Bloomington, IL Metro Area",65310,2431,12737,15291,15123,6564,2368,3502,1055,1725,2318,1012,1184,2021
"Bloomington, IN Metro Area",62210,1736,9081,11612,14180,10147,2594,3274,1496,1952,1967,2455,1716,2021
"Bloomsburg-Berwick, PA Metro Area",32115,1399,5255,4777,5945,5805,2254,2389,842,1085,1315,502,547,2021
"Bluefield, WV-VA Micro Area",37419,1905,4776,4974,5282,6865,1015,3537,539,1065,4216,2211,1034,2021
"Boise City, ID Metro Area",322249,10172,30500,45962,53443,56917,24690,49014,13647,9265,18889,6476,3274,2021
"Boston-Cambridge-Newton, MA-NH Metro Area",1876883,45764,147265,209911,253015,253232,136623,287737,69800,94386,192516,144881,41753,2021
"Boulder, CO Metro Area",110200,3621,14010,20208,18713,12811,6719,14961,2020,2835,7707,4782,1813,2021
"Bowling Green, KY Metro Area",79131,3655,10080,13512,13801,12412,6035,6010,2054,2455,3441,3852,1824,2021
"Bozeman, MT Micro Area",54589,2912,9050,13134,10839,7337,3805,3419,433,461,937,1400,862,2021
"Brainerd, MN Micro Area",36408,1802,5574,6402,6189,5465,2249,3504,676,690,1563,1175,1119,2021
"Bremerton-Silverdale-Port Orchard, WA Metro Area",101636,2579,8499,15970,17138,13388,8810,12309,2581,3044,6537,6117,4664,2021
"Bridgeport-Stamford-Norwalk, CT Metro Area",366886,8839,31986,48066,59711,49781,24275,45613,9470,11327,30632,31254,15932,2021
"Brownsville-Harlingen, TX Metro Area",153332,4963,16922,26480,27894,32202,12366,14841,1891,3390,7387,2777,2219,2021
"Brunswick, GA Metro Area",44427,2100,7866,5065,5994,9142,3533,3946,1113,1045,2663,1550,410,2021
"Buffalo-Cheektowaga, NY Metro Area",464954,16811,55894,75046,87260,85681,38904,51740,12775,10968,15940,8904,5031,2021
"Burlington, NC Metro Area",71191,2282,6119,8432,11303,9878,6308,8125,2945,5087,7673,1326,1713,2021
"Burlington-South Burlington, VT Metro Area",92243,3890,10713,13071,15995,14604,4784,11144,2242,3964,7241,3197,1398,2021
"California-Lexington Park, MD Metro Area",45927,936,3764,6295,7759,6821,2768,5701,1392,441,2778,4114,3158,2021
"Canton-Massillon, OH Metro Area",163450,6586,21605,27832,28352,24856,13521,16325,5434,4294,7992,4940,1713,2021
"Cape Coral-Fort Myers, FL Metro Area",280020,6743,16941,31290,35965,46050,21506,45116,9663,13686,28043,18228,6789,2021
"Cape Girardeau, MO-IL Metro Area",40387,2074,5827,7587,8928,5227,2216,3482,613,1112,1230,1329,762,2021
"Carbondale-Marion, IL Metro Area",48376,3649,7013,7056,7197,5326,3065,6923,1400,1454,3060,1421,812,2021
"Carson City, NV Metro Area",24804,704,5411,3932,3799,1688,803,2936,344,505,1627,2362,693,2021
"Casper, WY Metro Area",35907,2033,4460,9720,9980,3475,1597,1725,91,6,643,204,1973,2021
"Cedar Rapids, IA Metro Area",111594,3607,16576,23686,22309,16000,6059,10536,2690,2763,4030,2210,1128,2021
"Centralia, WA Micro Area",30927,2030,3377,4295,5016,3602,1687,2840,1246,987,2138,1315,2394,2021
"Chambersburg-Waynesboro, PA Metro Area",66524,3347,6203,12070,11194,8621,5484,7318,1931,2429,4294,1987,1646,2021
"Champaign-Urbana, IL Metro Area",88493,2917,12379,20462,21651,11776,5964,6907,1109,1087,1983,1767,491,2021
"Charleston, WV Metro Area",85969,3186,10668,14239,14993,13699,5361,8418,1674,2108,5132,3499,2992,2021
"Charleston-North Charleston, SC Metro Area",334079,6339,23048,43626,45677,51661,28804,55901,14059,14265,32383,11903,6413,2021
"Charlotte-Concord-Gastonia, NC-SC Metro Area",995340,22523,84977,129017,154665,151757,81915,155769,37354,36733,81750,38057,20823,2021
"Charlottesville, VA Metro Area",81947,1374,8591,12589,13652,14083,6814,10630,3236,1765,4835,2906,1472,2021
"Chattanooga, TN-GA Metro Area",225987,7091,19468,28933,41226,39759,19621,31240,6973,8450,12117,7009,4100,2021
"Cheyenne, WY Metro Area",43353,585,8492,12391,10768,4009,1375,1862,52,281,1429,820,1289,2021
"Chicago-Naperville-Elgin, IL-IN-WI Metro Area",3595239,72877,273445,391326,458038,481671,254844,564144,150086,186984,398430,278047,85347,2021
"Chico, CA Metro Area",79258,3260,14619,17683,13193,6013,4886,6981,2052,1920,4075,2646,1930,2021
"Chillicothe, OH Micro Area",29421,811,3004,6492,4459,2835,1441,2481,548,735,2441,2392,1782,2021
"Cincinnati, OH-KY-IN Metro Area",903252,24717,78753,116735,148020,156487,84024,123837,34519,36604,58495,27234,13827,2021
"Clarksburg, WV Micro Area",32890,1350,3187,4846,5974,6912,2282,3530,881,826,975,1195,932,2021
"Clarksville, TN-KY Metro Area",133132,2740,16950,16763,20370,21136,9953,18046,3800,3064,7907,8392,4011,2021
"Clearlake, CA Micro Area",20850,2458,2325,3029,2808,1662,728,2582,687,876,821,1589,1285,2021
"Cleveland, TN Metro Area",48105,596,4622,7704,8923,4687,4512,7985,1135,1716,3848,1757,620,2021
"Cleveland-Elyria, OH Metro Area",820960,24560,73749,105012,127182,138064,80147,133430,31804,27967,46249,21210,11586,2021
"Coeur d'Alene, ID Metro Area",72569,3194,8980,13558,11387,10435,3705,7597,3131,1862,3918,3606,1196,2021
"College Station-Bryan, TX Metro Area",110048,4066,13209,24420,32101,13331,4136,8682,2225,1287,3009,1833,1749,2021
"Colorado Springs, CO Metro Area",310510,7143,31284,44647,61840,59241,28839,38773,5230,6727,12680,8768,5338,2021
"Columbia, MO Metro Area",96950,2886,15194,18056,23703,15942,4400,7734,1669,2170,2728,1333,1135,2021
"Columbia, SC Metro Area",349199,15593,25040,42346,56591,58815,24922,61367,11148,10393,25054,9558,8372,2021
"Columbus, GA-AL Metro Area",120763,4768,13287,19314,23847,20576,5535,16185,3156,3120,5231,3321,2423,2021
"Columbus, IN Metro Area",33949,1510,6881,5446,4954,5594,2290,2064,1029,758,1000,1699,724,2021
"Columbus, OH Metro Area",821007,21826,78255,115009,135954,146779,77408,104855,28890,27701,45706,25224,13400,2021
"Concord, NH Micro Area",67249,1300,7324,8411,11171,9305,5806,8576,3033,2598,5282,3619,824,2021
"Cookeville, TN Micro Area",51193,1906,6492,10081,10720,5383,2661,5306,1385,742,2773,2445,1299,2021
"Corning, NY Micro Area",37626,2358,6621,7010,4154,5663,2373,3291,814,1357,2295,1374,316,2021
"Corpus Christi, TX Metro Area",177305,4153,16481,30525,46428,37209,11275,14746,2063,1559,6542,4488,1836,2021
"Corvallis, OR Metro Area",32346,1308,6211,7050,6066,2824,2111,3095,491,303,995,1535,357,2021
"Crestview-Fort Walton Beach-Destin, FL Metro Area",121846,5060,12522,15969,18844,14990,10000,17296,2998,2893,10348,6397,4529,2021
"Cullman, AL Micro Area",39873,2483,4419,6303,4564,4845,2035,4039,107,1297,3540,5184,1057,2021
"Cumberland, MD-WV Metro Area",34244,1114,4201,4128,6748,6810,2129,3319,657,707,1637,1744,1050,2021
"Dallas-Fort Worth-Arlington, TX Metro Area",3036252,57989,212993,360562,449660,454680,210804,518583,118333,142309,286667,167011,56661,2021
"Dalton, GA Metro Area",59203,1007,3419,5267,12270,12632,6750,9839,1100,545,4527,1361,486,2021
"Danville, IL Metro Area",25063,929,2318,5666,5965,2534,723,3578,512,643,1363,584,248,2021
"Danville, VA Micro Area",38053,788,3148,4930,7847,7038,2237,4729,909,1293,2277,2196,661,2021
"Daphne-Fairhope-Foley, AL Metro Area",93834,1397,7859,12544,13263,12359,4263,15188,3622,3411,11541,6650,1737,2021
"Davenport-Moline-Rock Island, IA-IL Metro Area",155281,5155,20641,23812,31716,27526,13073,11927,3334,3230,6759,5424,2684,2021
"Dayton-Kettering, OH Metro Area",329537,11093,36129,58328,60221,55132,32392,33906,8763,7496,12237,7936,5904,2021
"Decatur, AL Metro Area",61392,1176,5383,9077,8588,9547,4044,8094,3407,2366,7191,2145,374,2021
"Decatur, IL Metro Area",36920,823,4839,8730,8773,6387,1497,2659,413,224,1577,269,729,2021
"Deltona-Daytona Beach-Ormond Beach, FL Metro Area",240115,4683,18614,37497,41084,34022,15016,34082,6844,9795,15393,16874,6211,2021
"Denver-Aurora-Lakewood, CO Metro Area",1163472,24635,82754,130171,177507,182274,92450,209525,44051,50867,95188,52210,21840,2021
"Des Moines-West Des Moines, IA Metro Area",295670,10048,34556,50355,57237,58563,21003,30976,6793,6914,12035,4019,3171,2021
"Detroit-Warren-Dearborn, MI Metro Area",1585164,38977,134490,190132,241924,252212,128207,246632,70774,66500,129875,60976,24465,2021
"Dothan, AL Metro Area",59237,1267,7067,8543,10282,9831,4809,7890,953,1319,3475,2140,1661,2021
"Dover, DE Metro Area",73268,1938,10145,8423,12844,11803,5488,6765,1402,2651,5740,4356,1713,2021
"DuBois, PA Micro Area",29247,2059,4256,4062,4048,3405,1026,3682,1058,1110,2093,1459,989,2021
"Dubuque, IA Metro Area",44648,2248,9301,11494,8994,5322,1467,1972,638,356,617,1288,951,2021
"Duluth, MN-WI Metro Area",118373,8305,18980,21432,20066,13947,6726,13072,2531,2442,5210,3420,2242,2021
"Durham-Chapel Hill, NC Metro Area",217844,3764,19005,36146,40259,34253,17059,26063,7420,7211,15559,7993,3112,2021
"East Stroudsburg, PA Metro Area",67768,639,5068,5641,8696,11916,2769,7436,1931,3498,7910,3816,8448,2021
"Eau Claire, WI Metro Area",76520,3394,12954,15198,14488,9531,4983,7618,1464,1488,3072,1162,1168,2021
"El Centro, CA Metro Area",53166,2114,7400,10593,11399,7235,2140,7490,609,944,1305,959,978,2021
"Elizabethtown-Fort Knox, KY Metro Area",63225,1572,9443,11267,9421,7671,4137,5630,1763,1315,5455,4758,793,2021
"Elkhart-Goshen, IN Metro Area",85984,3249,12961,14801,18242,15315,4747,7869,2845,1271,3106,1125,453,2021
"Elmira, NY Metro Area",30172,1635,5428,5900,6527,3922,1585,1779,387,615,1237,554,603,2021
"El Paso, TX Metro Area",337272,6514,27847,40345,62725,59861,31863,54668,7905,14575,16882,6705,7382,2021
"Enid, OK Metro Area",26469,1098,6122,5970,6049,3197,437,1135,74,40,561,1295,491,2021
"Erie, PA Metro Area",102657,3315,16806,19450,18850,15555,7802,9122,2446,1751,3669,1838,2053,2021
"Eugene-Springfield, OR Metro Area",145637,5175,18180,29015,36761,21387,7856,11779,2256,1810,5332,3919,2167,2021
"Eureka-Arcata, CA Micro Area",45293,2836,8241,8735,8104,5975,2337,3604,259,604,1913,298,2387,2021
"Evansville, IN-KY Metro Area",137532,4007,18705,25783,24413,25785,8215,14289,4457,2582,6382,1535,1379,2021
"Fairbanks, AK Metro Area",43790,1300,3982,10797,9286,8636,3121,3032,577,307,1062,852,838,2021
"Fargo, ND-MN Metro Area",121604,5060,17832,30832,30704,17558,2813,5589,1284,1805,3917,1542,2668,2021
"Faribault-Northfield, MN Micro Area",29068,1612,7030,5337,2493,2750,1350,2983,557,582,2605,1171,598,2021
"Farmington, MO Micro Area",24431,762,5830,2588,5226,1736,1411,1905,1106,395,531,2701,240,2021
"Farmington, NM Metro Area",38763,1439,5971,7299,6596,5128,1232,3839,552,1072,2694,2254,687,2021
"Fayetteville, NC Metro Area",213695,9816,22312,24953,36937,34186,17058,29106,6663,6536,13261,9621,3246,2021
"Fayetteville-Springdale-Rogers, AR Metro Area",228245,7985,25690,40628,37787,41099,18016,25682,7347,6872,10568,4098,2473,2021
"Findlay, OH Micro Area",33644,1414,5522,8451,6797,2985,1999,2359,412,147,1845,1233,480,2021
"Flagstaff, AZ Metro Area",56108,3426,8970,13008,12288,8225,1044,2923,1432,794,1068,1559,1371,2021
"Flint, MI Metro Area",146223,4274,15908,20917,21695,21606,8280,15921,4779,4024,12924,11578,4317,2021
"Florence, SC Metro Area",73753,1218,7703,14814,15864,12392,3858,5921,1841,2459,3526,2146,2011,2021
"Florence-Muscle Shoals, AL Metro Area",64351,1389,6886,8483,12332,10707,4826,5447,1309,1858,2822,5719,2573,2021
"Fond du Lac, WI Metro Area",48087,2609,8382,8072,7402,6361,2981,5167,1055,707,2782,1975,594,2021
"Fort Collins, CO Metro Area",144372,3756,19325,22287,25607,22661,8809,15069,4525,3647,10740,4112,3834,2021
"Fort Payne, AL Micro Area",27759,1374,3364,3952,4559,4636,1766,2622,634,243,1505,1655,1449,2021
"Fort Smith, AR-OK Metro Area",95173,4609,13147,17499,16596,11801,6662,9527,2341,3140,5919,2258,1674,2021
"Fort Wayne, IN Metro Area",179928,4522,19322,24583,35714,34311,17632,21529,4422,4150,6424,4089,3230,2021
"Frankfort, KY Micro Area",31802,1076,3625,7958,4916,2488,2043,4003,1201,957,2596,861,78,2021
"Fresno, CA Metro Area",361634,11035,35727,50191,74701,69473,23082,46009,8223,10037,17848,8892,6416,2021
"Gadsden, AL Metro Area",38455,483,4443,5539,8437,5578,4118,3730,1055,712,2330,1462,568,2021
"Gainesville, FL Metro Area",134844,3075,14639,17319,28260,27957,6599,15266,2938,4078,7364,4870,2479,2021
"Gainesville, GA Metro Area",86725,646,8187,8888,12458,12061,8499,12258,2484,3509,8430,6919,2386,2021
"Gallup, NM Micro Area",20463,530,2186,2279,2871,2163,579,5137,41,1230,2063,891,493,2021
"Gettysburg, PA Metro Area",44535,1328,4109,7087,6845,5425,2684,4448,1483,2662,3882,2930,1652,2021
"Glens Falls, NY Metro Area",53067,3139,6594,6951,10170,6176,2472,6046,2238,1654,3606,2912,1109,2021
"Glenwood Springs, CO Micro Area",36521,1764,2537,6320,4706,3929,1273,4603,1032,817,4752,2893,1895,2021
"Goldsboro, NC Metro Area",49422,1583,8021,8639,9843,6383,2644,4939,114,1301,3102,2310,543,2021
"Grand Forks, ND-MN Metro Area",50140,3875,11894,13554,7907,4005,1263,1946,441,517,2644,1370,724,2021
"Grand Island, NE Metro Area",35290,1896,6571,6542,7549,3904,2235,2329,749,529,877,726,1383,2021
"Grand Junction, CO Metro Area",59820,2080,8792,12698,14372,12344,2277,2310,195,427,1926,1548,851,2021
"Grand Rapids-Kentwood, MI Metro Area",465848,16436,53663,78942,87691,76898,39156,46670,11204,13507,23726,11835,6120,2021
"Grants Pass, OR Metro Area",28792,1733,5390,5719,5199,3343,1024,1882,388,494,1723,935,962,2021
"Great Falls, MT Metro Area",36829,2226,8133,9622,6979,3513,1379,1908,471,291,702,1185,420,2021
"Greeley, CO Metro Area",142857,3749,14094,18339,18592,18507,6597,20282,6398,5365,15596,10951,4387,2021
"Green Bay, WI Metro Area",141914,6863,15452,27467,27136,25627,10067,13718,2893,3568,4637,1905,2581,2021
"Greeneville, TN Micro Area",28243,528,3883,2948,5040,3890,1822,4867,1061,915,1609,1377,303,2021
"Greensboro-High Point, NC Metro Area",307882,9533,30973,44292,64322,50515,23163,38828,9743,9446,12332,9600,5135,2021
"Greenville, NC Metro Area",66843,1705,9435,14603,14709,7889,4170,4774,1086,1540,3802,2223,907,2021
"Greenville-Anderson, SC Metro Area",376511,7726,36160,50588,63470,60798,33622,49711,13632,14528,23506,13156,9614,2021
"Greenwood, SC Micro Area",28320,1234,4066,8140,4372,2608,989,2133,1282,850,1463,478,705,2021
"Guayama, PR Metro Area",18054,662,564,2378,2450,3313,911,3046,0,313,1359,2037,1021,2021
"Gulfport-Biloxi, MS Metro Area",163902,3947,17385,20476,29191,23327,13687,22928,4060,5876,10958,8350,3717,2021
"Hagerstown-Martinsburg, MD-WV Metro Area",118204,2378,9741,17331,18104,16085,6333,13395,3779,6816,11291,8229,4722,2021
"Hammond, LA Metro Area",55022,1486,6133,7960,9232,6045,4617,4105,1542,1973,4555,5623,1751,2021
"Hanford-Corcoran, CA Metro Area",51083,2674,9147,8020,5669,6551,2607,5760,1230,2899,4086,1915,525,2021
"Harrisburg-Carlisle, PA Metro Area",229288,7029,26070,40365,40379,39815,16872,22898,7808,7417,10233,5992,4410,2021
"Harrisonburg, VA Metro Area",64006,2981,11017,11705,12032,8897,3927,5619,1638,1431,2130,1695,934,2021
"Hartford-East Hartford-Middletown, CT Metro Area",479686,13507,44228,72405,83804,80659,40745,61927,17806,15746,25501,15290,8068,2021
"Hattiesburg, MS Metro Area",73355,5650,7359,10607,12031,12977,5430,8004,1221,1033,3413,2864,2766,2021
"Heber, UT Micro Area",30942,1889,6536,4054,2756,4492,1400,3732,1242,613,2547,1403,278,2021
"Helena, MT Micro Area",33933,1464,5040,6338,8825,4982,1603,3319,417,408,597,518,422,2021
"Hermiston-Pendleton, OR Micro Area",34888,2868,6752,5390,5216,3813,1544,4649,992,1192,638,1130,704,2021
"Hickory-Lenoir-Morganton, NC Metro Area",147627,5227,15125,23551,30052,25820,10317,15842,3933,3312,7378,4300,2770,2021
"Hilo, HI Micro Area",71474,2202,8224,13365,11004,7236,4529,8082,1287,3405,5342,2419,4379,2021
"Hilton Head Island-Bluffton, SC Metro Area",84279,4131,9254,12054,14041,7614,5083,17931,2687,2478,5134,3044,828,2021
"Hinesville, GA Metro Area",29886,790,3937,5687,4941,4417,527,3316,366,874,2308,1867,856,2021
"Hobbs, NM Micro Area",23668,3471,4814,4974,2571,1134,1078,1776,63,610,922,632,1623,2021
"Holland, MI Micro Area",51573,1876,4987,8423,6058,9834,3038,7658,1873,2179,3058,1552,1037,2021
"Homosassa Springs, FL Metro Area",38243,1237,3384,3986,4250,5523,3759,5708,1455,443,4965,2080,1453,2021
"Hot Springs, AR Metro Area",39741,2907,6171,7166,8434,3754,1193,4448,775,488,1572,2182,651,2021
"Houma-Thibodaux, LA Metro Area",81194,4685,12845,13895,12797,10126,4677,7172,1415,3681,4072,3547,2282,2021
"Houston-The Woodlands-Sugar Land, TX Metro Area",2786418,54297,167018,278997,361395,417156,192887,497344,109521,146330,312354,186886,62233,2021
"Huntington-Ashland, WV-KY-OH Metro Area",130344,4750,18583,16714,23206,20395,9611,13640,5192,5091,6324,4096,2742,2021
"Huntsville, AL Metro Area",199241,4090,15347,25733,37408,38402,15561,30879,8599,7015,8865,4631,2711,2021
"Huntsville, TX Micro Area",23247,529,3561,4246,4249,1881,428,2761,629,663,707,2122,1471,2021
"Idaho Falls, ID Metro Area",63978,2718,10275,11131,13907,7829,3708,4107,1194,1506,2259,3924,1420,2021
"Indiana, PA Micro Area",32872,2239,5553,4785,3905,3625,1958,3466,1490,1167,1873,2002,809,2021
"Indianapolis-Carmel-Anderson, IN Metro Area",865462,22677,81615,109455,129815,137436,72825,137979,37558,34940,60287,24685,16190,2021
"Iowa City, IA Metro Area",80964,3273,11131,17581,16165,12673,3751,8217,741,1688,2059,1364,2321,2021
"Ithaca, NY Metro Area",38784,1309,4838,7082,10258,5406,2885,1780,236,1469,1485,1253,783,2021
"Jackson, MI Metro Area",61056,2388,7559,11540,10910,8856,3482,5028,928,2072,4374,3090,829,2021
"Jackson, MS Metro Area",233362,4426,19329,33177,38097,39641,15317,37861,10662,8976,13791,7570,4515,2021
"Jackson, TN Metro Area",70637,2000,7075,11624,15181,8870,5017,7770,2023,1841,4791,3116,1329,2021
"Jacksonville, FL Metro Area",642652,13716,50137,74307,99098,104994,54379,114408,21056,26098,53395,21343,9721,2021
"Jacksonville, NC Metro Area",90828,6537,13693,10032,13080,13520,7859,11199,3608,1652,4490,4016,1142,2021
"Jamestown-Dunkirk-Fredonia, NY Micro Area",43456,3228,9049,7568,7474,5527,1692,3204,657,1360,1603,1032,1062,2021
"Janesville-Beloit, WI Metro Area",74231,3016,10566,11752,13159,8720,4192,7460,2822,2912,5780,3125,727,2021
"Jefferson, GA Micro Area",30640,812,2323,4135,4137,3669,1366,6530,3244,1062,1513,1346,503,2021
"Jefferson City, MO Metro Area",65591,2617,9575,11413,13930,8888,3269,5875,1817,1572,4094,993,1548,2021
"Johnson City, TN Metro Area",83001,1925,8057,12739,17440,14193,7249,10197,1893,1722,3915,2816,855,2021
"Johnstown, PA Metro Area",47788,2653,7244,7169,7394,5631,3383,5096,1436,2098,3044,1345,1295,2021
"Jonesboro, AR Metro Area",53532,3228,6633,10526,13621,6789,2399,4600,914,695,1237,2052,838,2021
"Joplin, MO Metro Area",74582,3040,9880,15503,14679,10882,5295,7177,573,1526,2608,2375,1044,2021
"Kahului-Wailuku-Lahaina, HI Metro Area",70733,2832,9941,11437,12750,9445,3997,7474,1677,1992,4121,4063,1004,2021
"Kalamazoo-Portage, MI Metro Area",109442,3315,14900,21827,21569,17187,6100,9572,2802,2003,4522,4193,1452,2021
"Kalispell, MT Micro Area",44569,995,7487,8126,6716,7119,3109,4536,1148,828,1535,1780,1190,2021
"Kankakee, IL Metro Area",45838,2206,6742,8112,9003,4845,1921,2786,416,1684,3323,3603,1197,2021
"Kansas City, MO-KS Metro Area",886734,25694,96991,116314,154671,147735,78052,122213,32431,29720,48741,21378,12794,2021
"Kapaa, HI Micro Area",29639,781,4827,5444,4370,4589,1126,4183,753,383,1802,1151,230,2021
"Keene, NH Micro Area",32947,1808,5311,5902,4826,4654,2059,2776,963,807,1606,1004,1231,2021
"Kennewick-Richland, WA Metro Area",120474,3071,11354,21417,27613,19419,6284,11154,2215,2246,9627,4627,1447,2021
"Key West, FL Micro Area",36193,2580,7358,6929,7540,5031,1026,2471,391,772,483,1064,548,2021
