Metro Area,Total,Less than 5 minutes,5 to 9 minutes,10 to 14 minutes,15 to 19 minutes,20 to 24 minutes,25 to 29 minutes,30 to 34 minutes,35 to 39 minutes,40 to 44 minutes,45 to 59 minutes,60 to 89 minutes,90 or more minutes,Year
"Macon, GA Metro Area",86153,1277,8659,14547,16627,12794,4148,14658,1878,1683,6393,2042,1447,2014
"Madera, CA Metro Area",47948,922,3980,7105,8554,5925,1759,8838,1310,1757,4942,2086,770,2014
"Madison, WI Metro Area",330014,13263,42229,51444,53134,53532,25212,40399,11266,10641,16855,8091,3948,2014
"Manchester-Nashua, NH Metro Area",201194,5499,20688,26946,27468,26354,12348,27911,5689,9170,17424,14824,6873,2014
"Manhattan, KS Metro Area",49077,2682,9639,13862,7480,6372,1942,3322,511,823,1394,597,453,2014
"Manitowoc, WI Micro Area",38591,2290,6792,7874,6449,5476,2258,3550,963,571,1327,793,248,2014
"Mankato-North Mankato, MN Metro Area",50228,2607,11208,11748,10646,4848,1729,2624,529,524,1496,1722,547,2014
"Mansfield, OH Metro Area",46468,1337,6861,8364,8533,8005,3339,3028,608,876,1649,3027,841,2014
"Marinette, WI-MI Micro Area",28250,2714,5335,4915,4886,2369,1210,2555,669,731,1367,758,741,2014
"Marion, IN Micro Area",27630,2266,6052,4238,4052,4844,711,1796,349,555,1669,916,182,2014
"Marion, OH Micro Area",24074,1285,3637,5683,4458,2432,1133,1455,666,896,767,1082,580,2014
"Marquette, MI Micro Area",26970,2192,6817,5536,3693,2559,1528,1832,759,122,936,488,508,2014
"Marshall, TX Micro Area",26568,1117,5162,5193,4485,3532,1818,2437,689,617,1017,305,196,2014
"Martinsville, VA Micro Area",25474,611,2319,4137,6735,4800,1910,1989,343,357,1140,1013,120,2014
"Mayagüez, PR Metro Area",24503,742,2877,4334,4872,2592,1730,2756,470,609,2167,976,378,2014
"McAllen-Edinburg-Mission, TX Metro Area",279947,7806,29297,45905,62971,53950,17288,35869,3766,3470,7089,6297,6239,2014
"Meadville, PA Micro Area",35697,3486,4580,6172,5498,4508,1951,2714,927,1149,2392,1711,609,2014
"Medford, OR Metro Area",82225,3425,11547,17921,17383,15939,3731,6715,759,773,1860,1284,888,2014
"Memphis, TN-MS-AR Metro Area",581099,10489,48771,84244,93524,105334,44745,92532,17825,22620,37918,16745,6352,2014
"Merced, CA Metro Area",95168,3999,15127,18576,15308,9692,3735,6177,1615,2244,5366,6766,6563,2014
"Meridian, MS Micro Area",42632,898,4380,7856,10653,6676,1919,4361,787,1264,1735,859,1244,2014
"Miami-Fort Lauderdale-West Palm Beach, FL Metro Area",2614254,35578,151772,283020,357366,430669,183389,489110,83236,116913,248796,180419,53986,2014
"Michigan City-La Porte, IN Metro Area",44502,1788,7236,8367,5052,5630,3049,5688,884,1577,3070,1671,490,2014
"Midland, MI Metro Area",36694,1095,5001,6916,6995,5512,1784,3762,838,1682,1727,826,556,2014
"Midland, TX Metro Area",83545,3059,10680,16326,19113,15055,2961,9175,1118,1445,2400,1369,844,2014
"Milwaukee-Waukesha-West Allis, WI Metro Area",739685,18362,75951,106585,122614,129110,61745,103448,21831,28089,41191,20984,9775,2014
"Minneapolis-St. Paul-Bloomington, MN-WI Metro Area",1757506,39482,143309,217552,269778,288803,144359,259783,66405,81669,143420,79855,23091,2014
"Minot, ND Micro Area",42579,2851,8857,8546,7210,5042,699,2276,16,302,2010,2593,2177,2014
"Missoula, MT Metro Area",56295,956,9592,12350,15569,8051,2362,3043,698,738,1354,433,1149,2014
"Mobile, AL Metro Area",162750,2147,10750,20768,32264,27179,9463,33483,4352,3549,12471,3971,2353,2014
"Modesto, CA Metro Area",196151,9086,23886,34988,32439,24720,9831,19681,3397,8721,7937,7201,14264,2014
"Monroe, LA Metro Area",69890,1799,11373,14978,11878,10253,2720,9024,1356,1356,1673,1810,1670,2014
"Monroe, MI Metro Area",66223,2505,7182,9843,8679,9878,5878,8176,2182,2576,6135,2153,1036,2014
"Montgomery, AL Metro Area",155631,4180,12210,22121,28754,28318,11263,25043,5607,3577,7642,3514,3402,2014
"Morehead City, NC Micro Area",29388,1650,4521,4645,5466,3084,1686,3519,771,826,2165,624,431,2014
"Morgantown, WV Metro Area",56978,2005,4674,9139,11685,10531,2400,6245,1149,1223,3794,2445,1688,2014
"Morristown, TN Metro Area",44745,1358,5681,7694,7257,6922,2284,4483,691,1575,3694,2163,943,2014
"Moses Lake, WA Micro Area",37060,2429,8304,5754,4343,7851,2110,1968,653,421,1868,1168,191,2014
"Mount Airy, NC Micro Area",28774,920,2179,5950,4263,3789,2314,3350,658,986,2180,1780,405,2014
"Mount Pleasant, MI Micro Area",30164,2069,6735,6552,4964,3150,1632,2398,345,228,853,733,505,2014
"Mount Vernon-Anacortes, WA Metro Area",47517,1933,7875,5914,7144,5536,2761,4654,1159,1141,4491,2028,2881,2014
"Muncie, IN Metro Area",50642,2197,8198,9690,11135,5912,1852,3512,598,1624,1593,2350,1981,2014
"Muskegon, MI Metro Area",65026,1680,7329,11962,11702,12157,4384,5790,1270,1536,3680,2261,1275,2014
"Muskogee, OK Micro Area",25660,966,4319,6174,4836,1734,1337,2024,509,541,1504,1535,181,2014
"Myrtle Beach-Conway-North Myrtle Beach, SC-NC Metro Area",172218,3480,19023,25234,33096,31116,10902,23673,3725,4496,10330,4249,2894,2014
"Nacogdoches, TX Micro Area",28143,1569,6130,6184,3750,2346,2117,2836,262,316,1172,653,808,2014
"Napa, CA Metro Area",64490,2339,8804,12573,9943,7951,2430,6957,1721,2044,3543,5014,1171,2014
"Naples-Immokalee-Marco Island, FL Metro Area",130995,5212,13441,16744,21588,22480,8332,19326,3565,4544,8966,3654,3143,2014
"Nashville-Davidson--Murfreesboro--Franklin, TN Metro Area",831349,18291,61425,101043,118938,128775,59983,128766,29029,36275,86756,48321,13747,2014
"New Bern, NC Metro Area",53526,4059,7037,11056,9181,5970,3248,4970,963,1412,2864,1731,1035,2014
"New Castle, PA Micro Area",38040,2491,5539,6428,6929,3882,1851,3772,1242,1009,2308,1666,923,2014
"New Haven-Milford, CT Metro Area",394825,11334,36575,61533,62539,64309,27858,52568,12304,15150,23191,16882,10582,2014
"New Orleans-Metairie, LA Metro Area",555879,13534,45729,78706,93730,90924,30048,89301,15818,16759,39339,29020,12971,2014
"New Philadelphia-Dover, OH Micro Area",41376,3217,6337,7485,5403,5498,1721,4549,1210,1257,2072,1529,1098,2014
"New York-Newark-Jersey City, NY-NJ-PA Metro Area",9082578,158267,523803,812224,937932,1024975,441211,1350709,285184,528311,1138490,1286900,594572,2014
"Niles-Benton Harbor, MI Metro Area",65080,4120,11284,11728,11657,8640,3369,5342,1663,1708,2520,1658,1391,2014
"North Port-Sarasota-Bradenton, FL Metro Area",283505,5226,19619,38589,50108,66899,16853,46857,5319,7071,16163,7828,2973,2014
"North Wilkesboro, NC Micro Area",26046,736,2214,4067,5408,3935,3018,2354,553,247,1698,1481,335,2014
"Norwich-New London, CT Metro Area",135640,3565,16063,23961,24662,22520,10234,13831,2081,3870,6607,6343,1903,2014
"Oak Harbor, WA Micro Area",32172,1677,4056,7633,5599,2609,732,2556,295,600,1801,3184,1430,2014
"Ocala, FL Metro Area",111627,2323,8229,19475,21241,18393,7289,14319,3933,3564,5262,3958,3641,2014
"Ocean City, NJ Metro Area",40696,2194,5307,6811,8423,6725,2104,2737,518,1065,1733,1345,1734,2014
"Odessa, TX Metro Area",68939,3443,8402,13993,14736,10521,2046,8216,912,612,1922,2161,1975,2014
"Ogden-Clearfield, UT Metro Area",271678,10407,34741,44660,45094,43035,17590,26989,7031,7842,18287,11696,4306,2014
"Ogdensburg-Massena, NY Micro Area",42362,3359,6349,7231,5884,6250,2832,3524,941,922,3424,991,655,2014
"Oklahoma City, OK Metro Area",607125,15772,63161,89730,110685,107838,45876,90111,16205,13447,30931,14180,9189,2014
"Olean, NY Micro Area",32878,2739,5312,6490,4115,3220,1540,3278,690,1239,2331,1257,667,2014
"Olympia-Tumwater, WA Metro Area",120370,3959,9366,19900,22708,19488,7372,13022,2868,4299,8572,6394,2422,2014
"Omaha-Council Bluffs, NE-IA Metro Area",450183,14801,53046,76755,92244,80588,35476,52544,8910,9307,13944,7541,5027,2014
"Opelousas, LA Micro Area",25573,1986,4440,3616,1169,2533,1282,5182,758,1086,1253,1312,956,2014
"Orangeburg, SC Micro Area",32005,697,3737,2844,5311,5072,2144,2507,1058,665,3543,4005,422,2014
"Orlando-Kissimmee-Sanford, FL Metro Area",1008179,11511,63909,107120,145758,156617,77663,182559,42979,49415,101515,47111,22022,2014
"Oshkosh-Neenah, WI Metro Area",85077,2645,14847,18549,16106,13335,5264,6293,1172,1823,2226,1668,1149,2014
"Ottawa-Peru, IL Micro Area",63539,4316,11594,11337,8448,7715,3410,4810,1603,1511,3752,3570,1473,2014
"Owensboro, KY Metro Area",48406,3147,8133,10369,8236,6225,2263,3662,877,1171,2341,1213,769,2014
"Owosso, MI Micro Area",28369,892,3018,4188,3311,2597,1731,3239,1137,2057,3209,1714,1276,2014
"Oxnard-Thousand Oaks-Ventura, CA Metro Area",370458,9569,33367,53352,49343,53872,35374,54837,8842,12546,29049,20646,9661,2014
"Paducah, KY-IL Micro Area",40711,1967,4932,8733,7216,6154,2403,4075,341,1530,2016,986,358,2014
"Palatka, FL Micro Area",22849,706,3472,2852,3366,1801,879,3457,1399,977,2511,1276,153,2014
"Palm Bay-Melbourne-Titusville, FL Metro Area",214385,5137,20573,29783,43431,38470,12934,28276,3784,6368,13281,7598,4750,2014
"Panama City, FL Metro Area",78601,2595,8850,11224,15506,14785,3229,12828,1553,1631,3540,1402,1458,2014
"Parkersburg-Vienna, WV Metro Area",38584,1564,6083,6327,7886,7163,1245,3003,583,749,1982,1110,889,2014
"Pensacola-Ferry Pass-Brent, FL Metro Area",189750,4264,13500,24850,41383,35913,14364,24988,6507,3937,9576,6983,3485,2014
"Peoria, IL Metro Area",169923,7385,22601,25910,31315,29235,12973,20844,3861,3406,6795,2803,2795,2014
"Philadelphia-Camden-Wilmington, PA-NJ-DE-MD Metro Area",2730097,60951,210051,323148,361170,375492,180056,398815,100740,136001,287047,213783,82843,2014
"Phoenix-Mesa-Scottsdale, AZ Metro Area",1850458,36341,152752,235655,277282,298969,140107,298737,60658,86860,158582,80157,24358,2014
"Pine Bluff, AR Metro Area",33378,971,2841,5310,8840,4779,1873,2782,817,664,1718,2106,677,2014
"Pinehurst-Southern Pines, NC Micro Area",37050,1757,4255,7543,4851,5961,1343,4095,853,682,3423,1883,404,2014
"Pittsburgh, PA Metro Area",1078091,28933,99659,142833,155807,152522,77267,144147,38197,50660,103853,63486,20727,2014
"Pittsfield, MA Metro Area",59044,3045,14423,10942,10170,5932,2474,4710,892,1334,2502,1472,1148,2014
"Plattsburgh, NY Micro Area",35140,1961,6121,7765,5335,4805,2592,2934,602,446,933,852,794,2014
"Pocatello, ID Metro Area",34242,1820,9348,8091,6542,3109,978,1460,100,173,837,782,1002,2014
"Ponce, PR Metro Area",81053,721,7130,12536,16042,12249,5039,13943,1218,3065,3837,3471,1802,2014
"Port Angeles, WA Micro Area",27389,2777,5680,5329,3950,2858,1054,2082,337,532,679,988,1123,2014
"Portland-South Portland, ME Metro Area",255120,7111,25513,38790,42780,39124,18138,28148,9490,10419,20521,9979,5107,2014
"Portland-Vancouver-Hillsboro, OR-WA Metro Area",1053746,25626,89201,136025,165249,165515,77313,152976,34212,48381,85134,52975,21139,2014
"Port St. Lucie, FL Metro Area",162409,3054,14017,23243,27531,25573,9856,26889,4128,5230,12008,6593,4287,2014
"Portsmouth, OH Micro Area",27211,852,4083,3700,3927,4073,651,3180,445,663,2157,1735,1745,2014
"Pottsville, PA Micro Area",59615,1705,8367,8472,8505,7629,2851,7459,1342,1726,4900,4827,1832,2014
"Prescott, AZ Metro Area",70461,5033,11313,10795,9487,8529,4495,9287,1164,1473,3344,1870,3671,2014
"Providence-Warwick, RI-MA Metro Area",748964,19124,80259,115464,121976,111859,50512,92542,21363,25170,50712,39724,20259,2014
"Provo-Orem, UT Metro Area",233246,9471,38260,43184,42185,28438,12408,21433,4461,6078,13982,8380,4966,2014
"Pueblo, CO Metro Area",63307,2565,8864,12157,12624,7601,2206,7101,1365,1831,3980,2219,794,2014
"Punta Gorda, FL Metro Area",51398,832,5163,8738,9023,7799,1585,8150,886,1596,3770,2663,1193,2014
"Quincy, IL-MO Micro Area",35739,1932,7531,8393,6380,3674,1582,3161,892,380,1194,198,422,2014
"Racine, WI Metro Area",86484,3345,11884,14103,12646,11102,5257,9431,3626,3145,7308,2501,2136,2014
"Raleigh, NC Metro Area",575313,9818,46739,69698,92930,101048,51225,89546,21771,22465,38555,21407,10111,2014
"Rapid City, SD Metro Area",69808,2784,9847,17042,15124,10097,4447,5193,670,626,1391,2094,493,2014
"Reading, PA Metro Area",188356,6727,19758,31113,33977,26543,12081,19308,5647,7067,12313,9597,4225,2014
"Redding, CA Metro Area",66931,2220,10675,15548,15376,9569,3190,3763,704,663,1469,2123,1631,2014
"Reno, NV Metro Area",198078,5042,18566,37375,43972,37296,13445,20169,2342,4068,7245,5981,2577,2014
"Richmond, IN Micro Area",28120,1219,4935,6865,4874,3057,1643,1685,606,400,1209,1283,344,2014
"Richmond, VA Metro Area",593425,10678,45759,75280,100833,113273,52778,87402,21552,19721,35148,17989,13012,2014
"Richmond-Berea, KY Micro Area",45515,2023,6197,8724,6244,5831,2550,4477,1036,1519,3739,1969,1206,2014
"Riverside-San Bernardino-Ontario, CA Metro Area",1669146,32660,141888,206097,229140,218138,92135,222956,38916,66860,149545,175208,95603,2014
"Roanoke, VA Metro Area",143001,3653,16012,23657,30826,22609,9927,17136,3462,3181,6289,4013,2236,2014
"Roanoke Rapids, NC Micro Area",26579,1479,3937,3896,2608,2813,1291,5720,925,692,1070,1106,1042,2014
"Rochester, MN Metro Area",105860,4640,16265,21509,22868,14582,5193,9656,1261,2127,3531,2469,1759,2014
"Rochester, NY Metro Area",491152,18747,59286,76532,95159,87827,39776,53695,10704,12657,19343,11887,5539,2014
"Rockford, IL Metro Area",148000,4022,18089,25321,25172,26084,12301,13977,3294,3276,5061,7786,3617,2014
"Rocky Mount, NC Metro Area",57674,3395,7184,10468,10718,9544,2337,5434,1674,877,3336,1488,1219,2014
"Rome, GA Metro Area",39018,519,4779,7649,10986,3853,1566,3818,270,1144,2741,966,727,2014
"Roseburg, OR Micro Area",35439,2989,4770,5897,9744,5184,1606,2120,310,614,1307,581,317,2014
"Roswell, NM Micro Area",24284,1445,5408,5271,4365,1711,687,2021,255,595,1483,538,505,2014
"Russellville, AR Micro Area",34270,1496,6588,6661,5717,4461,1550,3322,824,1240,1479,457,475,2014
"Sacramento--Roseville--Arden-Arcade, CA Metro Area",909923,22497,84969,119489,139667,147632,63471,135550,26842,38272,67116,35362,29056,2014
"Saginaw, MI Metro Area",78515,3032,11336,15203,11908,13264,5058,8117,1997,1522,3609,2108,1361,2014
"St. Cloud, MN Metro Area",93437,4466,15211,18995,17516,10667,5233,8984,1693,1904,4249,2728,1791,2014
"St. George, UT Metro Area",55297,3478,9725,13072,10648,6321,2374,3367,350,1092,1885,1682,1303,2014
"St. Joseph, MO-KS Metro Area",56159,2740,10786,12214,11588,7385,2199,2837,339,923,2466,1691,991,2014
"St. Louis, MO-IL Metro Area",1274322,30245,107471,159261,193808,214324,95591,187251,48532,54542,111703,53268,18326,2014
"Salem, OH Micro Area",43816,2283,6670,5736,4723,6110,3019,4859,1497,1544,3461,2930,984,2014
"Salem, OR Metro Area",160933,6090,19796,24109,30167,26565,10682,14512,3266,5012,10488,8252,1994,2014
"Salinas, CA Metro Area",170229,4535,18319,24701,41770,31331,7904,19362,3090,5135,6738,4796,2548,2014
"Salisbury, MD-DE Metro Area",164520,6381,19293,23860,27336,24374,9572,23095,6413,4890,9935,6158,3213,2014
"Salt Lake City, UT Metro Area",536796,12315,49638,77413,94672,113471,40380,74675,12411,15026,26850,14106,5839,2014
"San Angelo, TX Metro Area",51993,2982,8323,12322,12321,5719,2131,2801,126,710,1342,2106,1110,2014
"San Antonio-New Braunfels, TX Metro Area",1019269,20727,81027,133428,169373,172639,73924,164470,27855,33921,80645,40928,20332,2014
"San Diego-Carlsbad, CA Metro Area",1430884,27989,106621,190517,251114,249405,107465,221771,37801,56111,90693,61671,29726,2014
"Sandusky, OH Micro Area",34751,2197,6615,7547,4757,4055,1869,1932,543,394,2540,1709,593,2014
"San Francisco-Oakland-Hayward, CA Metro Area",2100937,28271,126851,223840,265510,276449,116659,320446,71669,108608,241545,244254,76835,2014
"San Germán, PR Metro Area",28100,615,2599,3581,4781,4429,1320,4662,402,978,3448,564,721,2014
"San Jose-Sunnyvale-Santa Clara, CA Metro Area",908870,9523,61576,98345,143889,169592,70980,147130,21943,36155,74839,53352,21546,2014
"San Juan-Carolina-Caguas, PR Metro Area",682974,11889,35747,63628,95101,92513,34730,129228,14334,37642,63751,74999,29412,2014
"San Luis Obispo-Paso Robles-Arroyo Grande, CA Metro Area",116611,6305,16658,20660,19304,17940,6454,11109,3288,2821,5171,2717,4184,2014
"Santa Cruz-Watsonville, CA Metro Area",118910,3379,13876,21187,19176,14333,4025,10578,3057,5991,11376,8833,3099,2014
"Santa Fe, NM Metro Area",63554,2501,8521,11469,11606,10446,3711,5804,941,1047,3628,3078,802,2014
"Santa Maria-Santa Barbara, CA Metro Area",189502,8692,30568,48459,36766,19985,6377,18646,1822,4144,5657,6605,1781,2014
"Santa Rosa, CA Metro Area",226968,9844,28747,36565,38330,27710,11119,27794,5502,6601,13208,13227,8321,2014
"Savannah, GA Metro Area",164876,4266,17075,21254,30615,27356,10326,23395,5047,5494,10068,7528,2452,2014
"Scranton--Wilkes-Barre--Hazleton, PA Metro Area",239127,10121,27227,42201,46291,40081,14987,26428,5566,5479,10408,6058,4280,2014
"Searcy, AR Micro Area",30212,1422,3777,6297,5475,3207,814,3102,516,1636,1969,1765,232,2014
"Seattle-Tacoma-Bellevue, WA Metro Area",1736873,32335,104460,183776,230957,240933,127121,284636,75498,88272,178241,141464,49180,2014
"Sebastian-Vero Beach, FL Metro Area",51318,740,9393,11268,8899,6510,2035,4802,629,1551,2144,1938,1409,2014
"Sebring, FL Metro Area",28718,1355,4414,6511,6605,2898,1107,2160,477,702,1308,532,649,2014
"Seneca, SC Micro Area",28130,1493,4275,5098,5234,4226,1045,2863,803,424,1073,1069,527,2014
"Sevierville, TN Micro Area",39581,734,3723,6557,5309,6047,2076,7254,1597,1312,2536,1640,796,2014
"Shawnee, OK Micro Area",28420,1437,3740,5157,4551,3524,932,2550,403,941,2791,1545,849,2014
"Sheboygan, WI Metro Area",57501,4548,10634,12572,10791,7712,2664,3291,578,1039,1023,2134,515,2014
"Shelby, NC Micro Area",36871,1016,3961,5514,7038,5847,3434,3279,850,1068,2596,1735,533,2014
"Sherman-Denison, TX Metro Area",49525,2530,7311,6933,9308,5669,3276,4310,1216,1033,2439,3552,1948,2014
"Show Low, AZ Micro Area",28262,1530,6788,4922,3920,3153,745,2177,615,335,1282,1836,959,2014
"Shreveport-Bossier City, LA Metro Area",182650,5104,15640,30039,34212,37555,13368,23953,2045,4015,7007,6669,3043,2014
"Sierra Vista-Douglas, AZ Metro Area",44913,2362,6856,7691,8833,8088,2068,3024,571,735,1469,1987,1229,2014
"Sioux City, IA-NE-SD Metro Area",81360,5842,12791,17080,17715,10337,3288,7020,1609,1233,2077,882,1486,2014
"Sioux Falls, SD Metro Area",133648,5925,16387,26914,32658,25674,7643,9307,1358,2107,2808,1452,1415,2014
"Somerset, PA Micro Area",31957,2381,3699,4370,5013,5254,2286,3692,1049,735,1501,1167,810,2014
"South Bend-Mishawaka, IN-MI Metro Area",142697,4728,16625,21883,27041,26620,10676,16739,2453,3567,7783,2863,1719,2014
"Spartanburg, SC Metro Area",136307,4748,12360,23050,25482,21636,9452,16480,4857,4210,6882,3780,3370,2014
"Spokane-Spokane Valley, WA Metro Area",221579,6893,27032,33810,39344,37355,17019,28133,5005,7255,11416,4890,3427,2014
"Springfield, IL Metro Area",97949,3640,12951,17876,21586,16767,6365,9015,1108,1102,3752,2983,804,2014
"Springfield, MA Metro Area",278663,8427,33658,43606,49619,45235,18495,32334,6772,8547,18960,8803,4207,2014
"Springfield, MO Metro Area",193592,6809,20378,29524,37678,35471,13125,24840,4586,5404,8872,4169,2736,2014
"Springfield, OH Metro Area",56767,2161,6260,10504,10189,8421,3128,5132,2451,1471,3984,1951,1115,2014
"State College, PA Metro Area",69977,2268,8322,15646,12866,11000,4409,7635,1577,1822,2425,1009,998,2014
"Statesboro, GA Micro Area",28982,814,5399,6506,5162,3115,457,2552,505,333,2078,1514,547,2014
"Staunton-Waynesboro, VA Metro Area",56249,2643,6213,9054,8595,9138,4453,5672,2382,1848,3681,1781,789,2014
"Stevens Point, WI Micro Area",35036,2068,5613,7946,7256,4090,1742,3184,711,435,1142,472,377,2014
"Stillwater, OK Micro Area",34089,1527,9134,8050,5524,3828,1159,2402,333,586,636,653,257,2014
"Stockton-Lodi, CA Metro Area",271956,7212,27742,41728,42169,36948,14638,26786,5539,6472,17242,23760,21720,2014
"Sumter, SC Metro Area",39223,1108,5197,7880,7170,6945,1320,3359,794,552,2005,2182,711,2014
"Sunbury, PA Micro Area",38143,1559,4679,6013,5256,6310,2502,4949,1298,1221,2294,1407,655,2014
"Syracuse, NY Metro Area",289021,11509,31953,49059,53863,52716,23247,29147,6598,6738,12432,7317,4442,2014
"Talladega-Sylacauga, AL Micro Area",32238,1148,3315,5697,4862,3445,2844,3842,1284,711,2498,2201,391,2014
"Tallahassee, FL Metro Area",164771,5469,15154,22984,32602,24838,12608,25996,3594,4911,9877,4573,2165,2014
"Tampa-St. Petersburg-Clearwater, FL Metro Area",1216314,24279,94335,156212,183198,186013,82112,187977,43568,54911,109812,71503,22394,2014
"Terre Haute, IN Metro Area",71150,4664,9565,13477,13859,9856,4786,5633,1327,1586,2974,1848,1575,2014
"Texarkana, TX-AR Metro Area",55438,2190,10595,13718,10316,6885,2962,4205,276,533,2054,1097,607,2014
"The Villages, FL Metro Area",21355,1018,2607,2956,2907,4646,1050,2405,288,317,1830,982,349,2014
"Toledo, OH Metro Area",272454,10003,35029,48920,51066,51719,18261,27699,5295,5209,9386,7087,2780,2014
"Topeka, KS Metro Area",107205,4526,15196,18300,25180,16662,5197,9260,1819,2090,4998,2276,1701,2014
"Torrington, CT Micro Area",88792,3813,8796,15492,9841,13801,4950,9460,2652,4011,7725,6580,1671,2014
"Traverse City, MI Micro Area",65442,2344,9539,11780,11018,10794,4847,5865,1966,1360,2830,2071,1028,2014
"Trenton, NJ Metro Area",164585,3665,13442,23024,30199,26416,11591,15158,3647,5876,10443,12888,8236,2014
"Truckee-Grass Valley, CA Micro Area",36562,1532,5948,7233,6372,4351,1179,2818,687,787,2224,1688,1743,2014
"Tucson, AZ Metro Area",407194,11609,34993,50682,70606,62250,31357,67017,12844,16568,31022,12237,6009,2014
"Tullahoma-Manchester, TN Micro Area",40772,1752,5300,5915,6106,5479,3032,5741,1804,713,2218,1789,923,2014
"Tulsa, OK Metro Area",437831,13037,48240,68274,83998,80485,33718,57354,8037,10669,18301,10878,4840,2014
"Tupelo, MS Micro Area",56889,1069,5030,10359,11099,9155,5757,6829,1150,824,2570,1294,1753,2014
"Tuscaloosa, AL Metro Area",95467,2428,6117,13387,19246,22925,8005,10789,2089,1764,4817,2597,1303,2014
"Twin Falls, ID Micro Area",44971,2172,10366,9166,9733,5149,2002,3344,125,414,969,1006,525,2014
"Tyler, TX Metro Area",90568,2226,6345,13778,16504,17551,5109,16207,1338,2485,6442,711,1872,2014
"Ukiah, CA Micro Area",34300,3166,7630,6566,4874,3081,1090,2818,107,1098,1281,2281,308,2014
"Urban Honolulu, HI Metro Area",474114,9137,32985,54002,59045,66201,23833,91137,13475,21464,47674,39315,15846,2014
"Utica-Rome, NY Metro Area",124293,6003,17318,23195,20087,19229,7527,13509,3135,3339,5610,3889,1452,2014
"Valdosta, GA Metro Area",54844,2246,6116,11875,12082,9280,2992,4887,671,992,1717,744,1242,2014
"Vallejo-Fairfield, CA Metro Area",180521,4462,18228,24683,24224,18202,9191,19735,3716,6727,17543,23298,10512,2014
"Victoria, TX Metro Area",44513,1767,6332,8416,9911,6078,1064,4418,1108,531,2539,1157,1192,2014
"Vineland-Bridgeton, NJ Metro Area",63557,2114,7620,11916,8714,8085,4465,6820,1163,1624,5095,4574,1367,2014
"Virginia Beach-Norfolk-Newport News, VA-NC Metro Area",813987,18212,71674,112281,139985,140755,61616,121139,25956,26775,53832,28491,13271,2014
"Visalia-Porterville, CA Metro Area",164818,7151,23893,29879,29859,17121,9165,18556,2919,5271,10385,6454,4165,2014
"Waco, TX Metro Area",108172,3563,16115,20488,27462,17071,6483,8821,1462,946,2390,1278,2093,2014
"Walla Walla, WA Metro Area",27584,2305,6271,9193,3247,1799,693,826,209,503,853,1323,362,2014
"Warner Robins, GA Metro Area",75406,2109,7571,10757,16351,13408,5176,10321,2305,1823,2913,1583,1089,2014
"Warsaw, IN Micro Area",34992,1055,6142,6960,7261,4203,1907,2543,1154,1017,1418,815,517,2014
"Washington-Arlington-Alexandria, DC-VA-MD-WV Metro Area",2993036,39064,145386,234705,331826,365767,175251,469209,126829,183577,404363,385867,131192,2014
"Waterloo-Cedar Falls, IA Metro Area",84518,4723,16738,20112,16358,11993,4560,5228,753,847,1614,938,654,2014
"Watertown-Fort Atkinson, WI Micro Area",41388,2748,6716,6319,4068,4488,4318,4498,1036,1384,2522,2253,1038,2014
"Watertown-Fort Drum, NY Metro Area",51363,4237,9220,8666,10274,6636,3367,4739,627,776,1071,775,975,2014
"Wausau, WI Metro Area",67731,2920,10451,14150,13981,10728,3484,5026,990,1483,1809,1093,1616,2014
"Weirton-Steubenville, WV-OH Metro Area",50552,1672,5795,8488,8193,6186,3099,4912,1495,1986,4449,2647,1630,2014
"Wenatchee, WA Metro Area",47671,1548,10125,8978,10014,6723,1916,3106,657,1598,1231,1094,681,2014
"Wheeling, WV-OH Metro Area",59704,3234,8170,9154,9635,7781,4717,7020,757,1282,4629,2721,604,2014
"Whitewater-Elkhorn, WI Micro Area",50111,1754,8007,8364,6716,6181,2308,4195,1029,1689,4861,3402,1605,2014
"Wichita, KS Metro Area",288386,9738,36154,46722,59961,58990,20610,31968,4878,5109,8392,3057,2807,2014
"Wichita Falls, TX Metro Area",66066,3812,12697,14058,15961,10350,2172,3553,343,307,983,1087,743,2014
"Williamsport, PA Metro Area",51638,2879,9052,9967,9579,7157,3569,3864,686,1138,1700,1384,663,2014
"Wilmington, NC Metro Area",120325,2718,12244,22139,27768,19466,5378,13893,2538,3248,6763,2168,2002,2014
"Wilson, NC Micro Area",32825,1815,4607,6876,5588,4495,1156,3764,278,503,2523,749,471,2014
"Winchester, VA-WV Metro Area",59843,1609,5271,10178,8781,8027,2926,5792,1542,2121,4440,5582,3574,2014
"Winston-Salem, NC Metro Area",272388,6635,26783,44506,48900,43492,22778,33801,8255,7576,15456,10178,4028,2014
"Wisconsin Rapids-Marshfield, WI Micro Area",35709,2095,6231,7911,5561,3709,1237,3518,618,965,1631,1307,926,2014
"Wooster, OH Micro Area",48991,3291,6247,9815,7497,6759,3121,3932,1299,1493,2881,1521,1135,2014
"Worcester, MA-CT Metro Area",441432,12670,36674,62152,64247,59834,27098,57576,13154,17205,43972,34931,11919,2014
"Yakima, WA Metro Area",98811,4145,14213,18400,17357,15954,4327,13229,1654,1246,3615,3011,1660,2014
"York-Hanover, PA Metro Area",208868,7192,21061,27195,31540,31553,11492,24900,7062,8356,16658,13798,8061,2014
"Youngstown-Warren-Boardman, OH-PA Metro Area",231319,10642,30843,37966,43251,40604,17470,19541,5109,4911,9077,6855,5050,2014
"Yuba City, CA Metro Area",61505,2193,10168,10004,8619,6043,3016,3765,1667,2285,6361,4883,2501,2014
"Yuma, AZ Metro Area",73713,4020,10488,15956,13862,9575,4782,7416,828,1563,2629,1712,882,2014
"Zanesville, OH Micro Area",33174,1371,4978,4501,4695,4652,1690,4048,1458,654,2182,2484,461,2014
"Aberdeen, WA Micro Area",23645,1911,4625,4070,1740,1878,621,2749,822,998,2070,1235,926,2014
"Abilene, TX Metro Area",72243,3950,14569,16101,15122,9818,3817,4145,457,251,1721,1356,936,2014
"Adrian, MI Micro Area",41967,2517,6433,4195,4701,4628,3657,3770,1358,2327,4560,2797,1024,2014
"Aguadilla-Isabela, PR Metro Area",73870,4001,9807,10813,12336,7598,4169,6944,4052,1924,5540,4014,2672,2014
"Akron, OH Metro Area",329507,9786,34618,48088,61372,48288,30314,36935,11656,12037,22221,10221,3971,2014
"Alamogordo, NM Micro Area",24664,726,4699,5546,4287,3391,1315,2356,196,199,1306,352,291,2014
"Albany, GA Metro Area",55911,1688,6829,11618,10797,8505,3753,5604,1423,1016,2581,1226,871,2014
"Albany, OR Metro Area",44410,2700,6892,5723,4694,7937,2497,6077,1506,1043,2570,1412,1359,2014
"Albany-Schenectady-Troy, NY Metro Area",419490,14051,40986,60509,74637,72445,30674,56283,15023,15581,24593,10086,4622,2014
"Albertville, AL Micro Area",36136,1647,4502,7595,5916,4499,1393,2903,409,917,3058,2367,930,2014
"Albuquerque, NM Metro Area",380366,7046,36966,56028,70645,65173,28072,53915,9810,10745,22499,12077,7390,2014
"Alexandria, LA Metro Area",55729,3128,6319,10286,9091,9951,3528,4748,1152,1311,2077,2177,1961,2014
"Allentown-Bethlehem-Easton, PA-NJ Metro Area",380096,11060,36746,50189,58982,55393,24942,45899,11690,14170,27203,28950,14872,2014
"Altoona, PA Metro Area",56033,3365,7403,12417,9076,9307,3270,3764,1315,1496,2669,1151,800,2014
"Amarillo, TX Metro Area",120914,6094,18441,29611,27638,16554,4437,7700,947,902,4416,1743,2431,2014
"Ames, IA Metro Area",46140,3320,8485,10542,9177,4847,933,2076,812,1311,3642,677,318,2014
"Anchorage, AK Metro Area",192304,7883,25156,38708,41055,29614,6833,15438,2146,2713,10720,7634,4404,2014
"Ann Arbor, MI Metro Area",166418,4028,16419,23826,31217,26214,11853,20858,5116,7217,10082,7540,2048,2014
"Anniston-Oxford-Jacksonville, AL Metro Area",45746,2774,6769,6275,7975,5078,2428,6189,1552,864,3060,1355,1427,2014
"Appleton, WI Metro Area",118657,3339,15177,23798,23428,19702,8328,12498,2999,1845,3968,1752,1823,2014
"Arecibo, PR Metro Area",50638,1323,3646,6995,8699,10733,1902,7369,686,2334,2711,2151,2089,2014
"Asheville, NC Metro Area",185783,5434,18754,34276,38229,34919,12594,18966,3830,4861,8741,3296,1883,2014
"Ashtabula, OH Micro Area",39004,1702,5123,6004,4708,5201,2376,3644,1570,1666,3480,2419,1111,2014
"Athens, TX Micro Area",28175,1403,4423,3974,3472,2177,1697,3325,519,747,2196,2197,2045,2014
"Athens-Clarke County, GA Metro Area",80622,2037,7399,16293,17016,12787,4253,9172,992,1207,5228,2305,1933,2014
"Atlanta-Sandy Springs-Roswell, GA Metro Area",2444559,37628,140277,253538,315857,344087,154259,375452,92169,122319,298007,231136,79830,2014
"Atlantic City-Hammonton, NJ Metro Area",123499,2595,12277,20851,19644,22460,8866,16058,2228,3599,5867,5665,3389,2014
"Auburn, NY Micro Area",35463,1307,6313,7427,5011,3809,1492,3091,1124,1388,2851,1212,438,2014
"Auburn-Opelika, AL Metro Area",66132,2360,6147,12719,14718,10714,3060,9692,982,1408,2044,1431,857,2014
"Augusta-Richmond County, GA-SC Metro Area",235067,5795,19804,35563,47674,41038,16136,30898,4659,6665,15952,7649,3234,2014
"Augusta-Waterville, ME Micro Area",53835,1823,7321,7054,9642,7875,4489,6666,1835,1045,2567,3008,510,2014
"Austin-Round Rock, TX Metro Area",918383,17985,73970,120169,143629,142363,59826,132558,28323,39830,88454,53981,17295,2014
"Bakersfield, CA Metro Area",310790,6972,33361,52160,63769,48586,17989,37182,3086,8840,17039,13544,8262,2014
"Baltimore-Columbia-Towson, MD Metro Area",1316513,18732,76779,139729,174879,191550,89770,215017,50549,62313,141738,106797,48660,2014
"Bangor, ME Metro Area",69109,3770,9310,12093,12062,11296,2971,7234,1370,1599,2899,2290,2215,2014
"Barnstable Town, MA Metro Area",95807,3815,14410,17314,17529,13105,4094,8504,2207,2541,4607,4456,3225,2014
"Baton Rouge, LA Metro Area",366515,8304,24747,45111,57248,61813,24292,61870,8958,10720,33403,21932,8117,2014
"Battle Creek, MI Metro Area",54128,1496,7585,13117,10951,6973,2701,4939,804,946,3063,880,673,2014
"Bay City, MI Metro Area",43703,2116,6280,8065,7015,6469,3897,4971,787,657,1187,1189,1070,2014
"Beaumont-Port Arthur, TX Metro Area",161225,4380,18270,28760,31852,28453,7180,21720,3107,3018,6900,5550,2035,2014
"Beaver Dam, WI Micro Area",41250,4038,7168,5243,5687,4415,2170,4231,1196,1076,3324,2126,576,2014
"Beckley, WV Metro Area",44053,2117,6127,7585,7036,5213,2461,4479,1298,828,2295,2796,1818,2014
"Bellingham, WA Metro Area",91406,5918,13635,15318,18640,11970,6565,8820,2551,1892,2645,2215,1237,2014
"Bend-Redmond, OR Metro Area",70783,3644,12575,16295,14831,9020,2344,6820,513,1028,1583,998,1132,2014
"Billings, MT Metro Area",80850,2785,8934,18465,19411,14487,4467,5485,615,1008,2035,1808,1350,2014
"Binghamton, NY Metro Area",106176,4138,14215,22296,18289,18639,5457,9285,1244,2624,4025,3030,2934,2014
"Birmingham-Hoover, AL Metro Area",486507,8811,34521,59770,78793,76688,38341,80952,14274,17422,46746,22379,7810,2014
"Bismarck, ND Metro Area",62478,1789,12181,16959,13612,7945,1617,2655,374,570,1699,1613,1464,2014
"Blacksburg-Christiansburg-Radford, VA Metro Area",78929,3301,12032,14801,15453,9890,4768,5723,2736,2782,4087,1895,1461,2014
"Bloomington, IL Metro Area",94530,5015,14323,20678,21199,11298,3932,7767,1653,1541,4116,2140,868,2014
"Bloomington, IN Metro Area",73607,2864,10030,16993,16765,9533,3280,4913,914,1306,3206,2641,1162,2014
"Bloomsburg-Berwick, PA Metro Area",36448,1439,5675,6331,4621,6099,1609,4606,858,1134,2081,1402,593,2014
"Bluefield, WV-VA Micro Area",37826,1031,5571,7486,6810,5030,1855,3700,968,407,2482,1347,1139,2014
"Boise City, ID Metro Area",276669,9159,24943,42382,49879,53879,18032,42399,9256,8286,10457,5130,2867,2014
"Boston-Cambridge-Newton, MA-NH Metro Area",2312285,49836,169643,244858,282861,294359,139291,339007,83117,126502,269843,236588,76380,2014
"Boulder, CO Metro Area",146428,4141,20282,29409,24818,20888,9366,12516,4548,4345,8400,5293,2422,2014
"Bowling Green, KY Metro Area",69658,3341,5930,12187,16362,9246,4313,7642,1665,1776,4221,1434,1541,2014
"Bozeman, MT Micro Area",47859,2499,6904,11104,11581,6419,2196,3340,240,489,679,1521,887,2014
"Brainerd, MN Micro Area",38763,2131,6684,7625,6294,5493,2137,3511,904,1062,1302,622,998,2014
"Branson, MO Micro Area",31827,1040,2942,6711,4879,4583,2456,3032,727,1282,2906,938,331,2014
"Bremerton-Silverdale, WA Metro Area",110626,1975,9640,13008,18566,17937,7290,13291,2467,3600,5963,8210,8679,2014
"Bridgeport-Stamford-Norwalk, CT Metro Area",432733,10048,39550,64135,68531,59618,22085,50082,9807,15917,28936,39659,24365,2014
"Brownsville-Harlingen, TX Metro Area",145349,3702,11818,21752,42950,24912,9416,18494,2039,3192,3479,2710,885,2014
"Brunswick, GA Metro Area",44834,1795,5229,7220,10559,7785,2562,4240,143,1144,1748,1947,462,2014
"Buffalo-Cheektowaga-Niagara Falls, NY Metro Area",516825,16730,58233,82829,91785,88146,48301,65665,14130,15768,19703,8380,7155,2014
"Burlington, NC Metro Area",68409,1332,8048,12905,10532,9813,3630,7784,2282,2912,6144,1795,1232,2014
"Burlington-South Burlington, VT Metro Area",110504,4033,13546,16511,18953,16501,10315,14457,2800,3291,6383,2778,936,2014
"California-Lexington Park, MD Metro Area",54855,695,5182,7460,6743,10555,2822,6819,1213,2232,3587,4154,3393,2014
"Canton-Massillon, OH Metro Area",181952,8340,26389,30949,29788,25339,12229,18723,6471,5420,10708,4764,2832,2014
"Cape Coral-Fort Myers, FL Metro Area",259485,3895,17068,32280,41582,39997,15989,47013,10284,11332,23331,12318,4396,2014
"Cape Girardeau, MO-IL Metro Area",42831,2499,7624,8656,7090,5008,2083,3917,570,786,2220,1329,1049,2014
"Carbondale-Marion, IL Metro Area",51432,2315,7138,9941,9368,9274,3486,4214,1226,748,2375,874,473,2014
"Carson City, NV Metro Area",23934,914,6047,6462,2512,1250,716,2556,952,340,1576,445,164,2014
"Casper, WY Metro Area",41820,1273,7084,11386,10607,4792,1425,2415,225,454,917,525,717,2014
"Cedar Rapids, IA Metro Area",132832,5704,18807,26089,25745,21549,7463,11692,3099,3657,5078,2457,1492,2014
"Centralia, WA Micro Area",27145,1606,3481,3375,3826,3636,1265,3401,662,1250,1821,1732,1090,2014
"Chambersburg-Waynesboro, PA Metro Area",66470,2645,8951,9965,10251,8993,4943,8408,2030,2764,3350,2522,1648,2014
"Champaign-Urbana, IL Metro Area",110560,5299,15076,24095,26172,15370,4981,8413,2250,1575,4033,2447,849,2014
"Charleston, WV Metro Area",88165,3060,10036,14809,17594,13279,5993,10210,1739,1396,5563,3052,1434,2014
"Charleston-Mattoon, IL Micro Area",29906,3030,5942,6069,5298,3053,1379,2737,314,553,781,420,330,2014
"Charleston-North Charleston, SC Metro Area",332616,5215,27587,37222,50378,64617,24046,55811,10080,12421,24723,14103,6413,2014
"Charlotte-Concord-Gastonia, NC-SC Metro Area",1064335,22609,90865,128964,160755,163694,80310,165602,37910,51146,92927,50504,19049,2014
"Charlottesville, VA Metro Area",99590,3154,9537,16473,16922,15334,7091,10442,3211,4000,7359,4509,1558,2014
"Chattanooga, TN-GA Metro Area",236855,7079,21474,36547,42924,39800,19503,37302,7253,5965,10803,4869,3336,2014
"Cheyenne, WY Metro Area",47133,2118,10456,13318,12211,3759,651,1876,192,103,978,717,754,2014
"Chicago-Naperville-Elgin, IL-IN-WI Metro Area",4333467,73564,307237,442498,500089,542819,254223,675764,154850,246179,527459,461715,147070,2014
"Chico, CA Metro Area",83331,4661,15868,19952,12549,7432,3285,6935,1251,2122,3620,3439,2217,2014
"Chillicothe, OH Micro Area",28089,1217,2899,5293,5544,3906,2161,1592,621,387,1687,2060,722,2014
"Cincinnati, OH-KY-IN Metro Area",977775,22619,83792,125786,151748,168625,81528,149777,35908,42472,68157,33047,14316,2014
"Claremont-Lebanon, NH-VT Micro Area",101436,7122,15462,13973,14212,13222,6825,14429,2679,3062,6387,2664,1399,2014
"Clarksburg, WV Micro Area",36285,2068,4622,4414,6695,5653,2709,3619,1383,903,1752,1626,841,2014
"Clarksville, TN-KY Metro Area",116407,6118,14005,17707,20035,16655,7939,14955,3220,1867,7128,5718,1060,2014
"Clearlake, CA Micro Area",19111,1239,3092,2911,2207,1274,598,3270,786,1147,1339,518,730,2014
"Cleveland, TN Metro Area",47548,2091,5968,8816,7475,7463,2050,5628,738,1458,3918,1279,664,2014
"Cleveland-Elyria, OH Metro Area",925908,21309,84714,114345,141261,148974,79675,141672,37892,40767,72854,31502,10943,2014
"Coeur d'Alene, ID Metro Area",61661,3242,6841,11560,10571,8013,5243,6014,1151,1922,4047,2316,741,2014
"College Station-Bryan, TX Metro Area",107314,5242,16651,23667,24598,15860,3996,7903,1196,1356,3318,2310,1217,2014
"Colorado Springs, CO Metro Area",309109,7663,28653,49228,56964,59543,22715,37982,8124,7000,14912,7891,8434,2014
"Columbia, MO Metro Area",83880,1760,10690,20096,21477,14987,4448,4859,1054,1037,2060,827,585,2014
"Columbia, SC Metro Area",367196,19579,29257,50198,61897,61761,30425,51705,10735,10575,22569,11699,6796,2014
"Columbus, GA-AL Metro Area",134505,3375,12404,24412,29519,24782,9315,14585,3495,1967,5279,3400,1972,2014
"Columbus, IN Metro Area",39112,793,5297,10429,7823,5849,1648,2282,433,566,1894,1774,324,2014
"Columbus, OH Metro Area",939596,24588,82074,128839,156660,172830,84162,133641,31261,30561,55084,25443,14453,2014
"Concord, NH Micro Area",70356,2246,7441,9243,11165,10563,4075,9568,2410,2915,5118,3404,2208,2014
"Cookeville, TN Micro Area",42884,1243,3265,6372,8228,6395,1007,10040,362,1012,2078,1357,1525,2014
"Coos Bay, OR Micro Area",22577,1449,5562,4248,3615,2601,792,1954,443,185,581,352,795,2014
"Corning, NY Micro Area",41006,3587,6870,6574,5358,5342,2434,3948,793,913,2907,1613,667,2014
"Corpus Christi, TX Metro Area",196988,6961,23849,37695,45224,31472,10812,18780,2896,2948,8345,4802,3204,2014
"Corvallis, OR Metro Area",36729,862,5962,8838,7303,4857,1111,3251,584,667,1710,1108,476,2014
"Crestview-Fort Walton Beach-Destin, FL Metro Area",115586,3532,14075,19088,17294,16607,6078,15248,4024,3324,9819,4642,1855,2014
"Cullman, AL Micro Area",29963,1744,3310,4078,4991,3795,1430,2599,485,766,2344,3884,537,2014
"Cumberland, MD-WV Metro Area",37795,1586,5492,7392,6600,6167,1927,2996,196,658,1736,2182,863,2014
"Dallas-Fort Worth-Arlington, TX Metro Area",3199821,60093,243370,375548,458978,471185,211954,537407,106987,137550,340531,197828,58390,2014
"Dalton, GA Metro Area",62583,428,4700,9061,14746,11348,5656,8525,1169,1141,3556,1576,677,2014
"Danville, IL Metro Area",30749,1627,4244,8335,5517,2912,977,2943,697,653,1599,841,404,2014
"Danville, VA Micro Area",42905,1616,3997,7030,8512,7364,1357,5003,778,1428,2708,1889,1223,2014
"Daphne-Fairhope-Foley, AL Metro Area",83860,1407,6714,11070,12142,13175,4675,16896,1384,1963,8121,4337,1976,2014
"Davenport-Moline-Rock Island, IA-IL Metro Area",174055,6765,24736,30337,36660,28460,13244,16296,3398,2427,5675,3751,2306,2014
"Dayton, OH Metro Area",350401,12296,39792,56822,68182,62793,30115,35437,8101,9809,13801,8609,4644,2014
"Decatur, AL Metro Area",63383,1686,5170,10267,9261,7729,4311,9744,3244,2720,5783,2236,1232,2014
"Decatur, IL Metro Area",47188,1872,7158,11729,10466,7968,1295,1690,515,439,1771,1531,754,2014
"Deltona-Daytona Beach-Ormond Beach, FL Metro Area",228490,3676,16974,32523,36921,43414,15356,33744,7319,7950,16160,9658,4795,2014
"Denver-Aurora-Lakewood, CO Metro Area",1341293,24822,93327,150464,187663,205165,99863,230463,54477,64624,128035,77310,25080,2014
"Des Moines-West Des Moines, IA Metro Area",309551,13432,39585,49874,62079,55969,24293,32999,5351,7532,9202,5478,3757,2014
"Detroit-Warren-Dearborn, MI Metro Area",1838763,35716,141151,217066,268225,288781,133795,273814,74112,92019,177158,104194,32732,2014
"Dothan, AL Metro Area",58286,1947,5268,10671,9252,10219,3233,9752,1332,1374,2811,1107,1320,2014
"Dover, DE Metro Area",75569,1554,9008,11746,14150,12126,3634,7419,1446,1410,6058,4825,2193,2014
"DuBois, PA Micro Area",31791,1601,5005,6475,3908,3328,1600,2632,1305,1118,2926,1087,806,2014
"Dubuque, IA Metro Area",49111,2736,10927,12437,9623,6385,1951,2017,605,423,419,1032,556,2014
"Duluth, MN-WI Metro Area",125125,4948,18275,22689,23090,19968,7320,12910,3204,2830,5235,2975,1681,2014
"Dunn, NC Micro Area",47095,1330,3895,4835,5735,6707,3238,6889,2215,1916,4732,4347,1256,2014
"Durham-Chapel Hill, NC Metro Area",241844,7063,22684,33217,45468,40194,17186,32581,7778,8791,13549,10098,3235,2014
"East Stroudsburg, PA Metro Area",67688,2331,6409,8610,8868,9668,2024,5256,1778,1410,5569,6414,9351,2014
"Eau Claire, WI Metro Area",80845,3817,10554,21185,13481,11073,5121,6541,1253,1112,3880,1472,1356,2014
"El Centro, CA Metro Area",54821,1766,8139,12564,8768,7119,3483,5849,464,1679,1604,1303,2083,2014
"Elizabeth City, NC Micro Area",24273,1046,3209,5018,4420,1582,1189,1902,578,521,859,3318,631,2014
"Elizabethtown-Fort Knox, KY Metro Area",68426,3177,8561,9097,10679,9413,4448,6763,1534,2552,6307,3969,1926,2014
"Elkhart-Goshen, IN Metro Area",89516,2349,11524,15062,23668,13228,4779,9872,1749,2046,3020,869,1350,2014
"Elmira, NY Metro Area",35750,862,5608,8522,8753,4231,1682,2768,392,301,1252,1069,310,2014
"El Paso, TX Metro Area",330711,7538,24326,47781,61697,65154,27202,55621,6711,8736,14790,7584,3571,2014
"Erie, PA Metro Area",119856,4442,16392,22272,24739,21040,8434,10962,1714,3162,3559,1677,1463,2014
"Eugene, OR Metro Area",151360,6628,19588,26219,32513,27887,7999,14312,3298,2821,3570,3756,2769,2014
"Eureka-Arcata-Fortuna, CA Micro Area",53061,4298,10809,11658,8708,5175,2089,5930,646,525,1552,927,744,2014
"Evansville, IN-KY Metro Area",144812,5372,18895,25889,28947,24135,8115,14336,3512,3856,6123,4165,1467,2014
"Fairbanks, AK Metro Area",49795,564,9256,10497,11304,8649,2039,4468,859,336,783,470,570,2014
"Fargo, ND-MN Metro Area",123233,5006,18996,31324,31774,17086,4255,6474,1527,1407,1761,2146,1477,2014
"Faribault-Northfield, MN Micro Area",29307,1040,5809,4656,3995,2810,2453,1727,873,957,2564,1685,738,2014
"Farmington, MO Micro Area",25631,765,4984,5014,3489,3701,599,2594,344,280,1141,1508,1212,2014
"Farmington, NM Metro Area",48734,2356,6524,7865,8063,6679,1775,6385,864,1000,3790,2100,1333,2014
"Fayetteville, NC Metro Area",160394,6162,16217,25708,35607,29540,13356,16733,2726,2599,6639,3081,2026,2014
"Fayetteville-Springdale-Rogers, AR-MO Metro Area",225275,8338,28177,34175,42540,36134,19720,25440,5602,5654,11113,4982,3400,2014
"Findlay, OH Micro Area",34604,1554,5913,9921,6306,4056,1650,2255,361,567,1048,878,95,2014
"Flagstaff, AZ Metro Area",60873,4514,14389,12105,12479,6378,1754,3175,480,714,1402,2010,1473,2014
"Flint, MI Metro Area",152974,4528,14869,19553,28710,25891,10852,13478,3400,4403,12489,10514,4287,2014
"Florence, SC Metro Area",82083,1998,9480,14772,17982,11832,4147,9439,1856,1785,4513,2437,1842,2014
"Florence-Muscle Shoals, AL Metro Area",60424,923,6906,12957,12308,8611,3520,5386,1067,774,3010,3216,1746,2014
"Fond du Lac, WI Metro Area",50358,4571,8618,11166,6793,5797,2934,3796,1123,1428,1878,1363,891,2014
"Forest City, NC Micro Area",22591,1021,2818,2519,4623,2478,1243,1219,1126,759,2146,2099,540,2014
"Fort Collins, CO Metro Area",152526,4533,15916,27349,31849,23323,7933,15281,4296,4488,7174,7833,2551,2014
"Fort Smith, AR-OK Metro Area",112693,3844,14098,22090,21977,16203,6136,13087,1388,2701,6157,2963,2049,2014
"Fort Wayne, IN Metro Area",193106,5640,22724,28065,37919,37164,18101,22686,4437,3957,7042,2702,2669,2014
"Frankfort, KY Micro Area",33271,991,5733,5236,6998,3463,1940,3384,498,1121,2050,1647,210,2014
"Fresno, CA Metro Area",350223,8802,35690,55285,83240,61886,21768,37486,4339,5988,16269,12492,6978,2014
"Gadsden, AL Metro Area",39225,1054,3402,7133,8225,6064,1929,4265,637,1180,2952,1611,773,2014
"Gainesville, FL Metro Area",114213,3212,9309,17259,29237,21859,7414,13902,1920,2389,3978,2559,1175,2014
"Gainesville, GA Metro Area",83212,1476,7135,12648,13283,12893,8132,10993,1319,1641,6201,4940,2551,2014
"Gallup, NM Micro Area",19339,1706,2377,3957,2371,1682,315,2462,867,463,1452,957,730,2014
"Gettysburg, PA Metro Area",46207,1978,5620,6134,6406,5275,3387,4284,1399,2038,4167,3650,1869,2014
"Glens Falls, NY Metro Area",54024,3913,7452,7735,7596,5789,2768,7693,1336,1832,3011,3368,1531,2014
"Glenwood Springs, CO Micro Area",37850,1591,4056,5142,4959,3939,1838,4054,2558,1206,2670,4682,1155,2014
"Goldsboro, NC Metro Area",50120,1961,5001,10006,8854,7968,2287,5428,711,2056,2050,2821,977,2014
"Grand Forks, ND-MN Metro Area",51218,3856,11686,14367,8129,4699,1633,3621,369,347,1257,723,531,2014
"Grand Island, NE Metro Area",40481,2408,8616,8125,8199,4690,1740,3436,258,900,1049,499,561,2014
"Grand Junction, CO Metro Area",64709,2193,8487,14344,13579,11311,2718,5479,275,367,1887,2146,1923,2014
"Grand Rapids-Wyoming, MI Metro Area",474716,16245,61194,75867,87394,82829,35655,50319,11368,13553,19813,13421,7058,2014
"Grants Pass, OR Metro Area",27166,1271,5888,4853,4255,2805,1106,2857,361,965,805,907,1093,2014
"Great Falls, MT Metro Area",37300,2163,6461,10184,9887,3301,748,2504,311,179,714,450,398,2014
"Greeley, CO Metro Area",128641,5001,12427,19525,17862,17408,7277,17227,4078,5282,10982,8977,2595,2014
"Green Bay, WI Metro Area",152118,6912,19358,26616,32826,23729,9944,12283,2947,3965,7092,3695,2751,2014
"Greeneville, TN Micro Area",27075,1357,3098,4427,5796,4410,1524,2886,504,523,1232,705,613,2014
"Greenfield Town, MA Micro Area",35107,1912,5140,4955,5758,4500,1958,4452,733,1475,2881,881,462,2014
"Greensboro-High Point, NC Metro Area",320362,5262,31693,53356,65589,54858,25066,40529,8361,7489,15227,8676,4256,2014
"Greenville, NC Metro Area",77181,2685,12155,13493,15428,13039,3710,6391,950,256,3715,3409,1950,2014
"Greenville-Anderson-Mauldin, SC Metro Area",373458,8892,34082,63265,64799,59279,28776,54414,12666,10416,24122,8875,3872,2014
"Greenwood, SC Micro Area",36785,1369,5087,6725,6282,5179,1487,2696,1236,1191,2199,2456,878,2014
"Guayama, PR Metro Area",14645,0,1426,3047,2236,2221,332,1659,81,545,111,2599,388,2014
"Gulfport-Biloxi-Pascagoula, MS Metro Area",160245,4266,17892,24768,28926,26362,9381,21878,5669,4487,8996,4501,3119,2014
"Hagerstown-Martinsburg, MD-WV Metro Area",109349,3548,7768,12679,19610,16622,7263,10919,2816,4361,7223,9524,7016,2014
"Hammond, LA Metro Area",51105,1361,4968,6841,8061,5244,2063,5233,685,1353,3994,7053,4249,2014
"Hanford-Corcoran, CA Metro Area",50417,3668,7256,8513,7554,6397,2322,5749,1010,1856,2939,2126,1027,2014
"Harrisburg-Carlisle, PA Metro Area",263975,9024,27784,41911,48026,47512,17762,30692,5252,9233,13900,7894,4985,2014
"Harrisonburg, VA Metro Area",62546,1852,11118,11994,11649,10150,2826,7059,821,947,1606,790,1734,2014
"Hartford-West Hartford-East Hartford, CT Metro Area",576612,18301,58758,82653,94590,97871,43752,78122,18309,18377,36643,19131,10105,2014
"Hattiesburg, MS Metro Area",60815,2418,8642,12419,11488,8425,2896,6160,1649,822,2525,1253,2118,2014
"Helena, MT Micro Area",36344,2501,5086,9488,8129,4229,1615,2542,417,522,996,347,472,2014
"Hermiston-Pendleton, OR Micro Area",33251,2725,5732,5310,5646,5049,536,3552,431,719,2029,1028,494,2014
"Hickory-Lenoir-Morganton, NC Metro Area",147516,4032,14980,28322,26120,29019,7957,15923,1983,4213,8041,4930,1996,2014
"Hilo, HI Micro Area",74646,4321,7325,12425,12599,10608,1734,8168,1213,2001,7425,4594,2233,2014
"Hilton Head Island-Bluffton-Beaufort, SC Metro Area",83416,2631,9872,13041,14940,13039,4037,10932,3177,2500,4713,3106,1428,2014
"Hinesville, GA Metro Area",34740,1527,4338,6683,5280,5670,1986,2500,821,413,2811,2128,583,2014
"Hobbs, NM Micro Area",29555,1076,4879,8827,6160,2950,733,2038,479,197,657,416,1143,2014
"Holland, MI Micro Area",49918,1858,4449,7966,7769,9054,3656,5954,1839,2272,2988,1494,619,2014
"Homosassa Springs, FL Metro Area",39894,1144,5472,6002,6166,6360,1930,5335,767,1073,2530,2031,1084,2014
"Hot Springs, AR Metro Area",35186,765,5903,6101,7091,5375,1655,3958,320,524,1687,1253,554,2014
"Houma-Thibodaux, LA Metro Area",86938,4413,11759,11817,12439,12020,3856,12416,2120,2721,5215,4745,3417,2014
"Houston-The Woodlands-Sugar Land, TX Metro Area",2955305,52802,197049,317139,393597,414945,170456,524390,99499,133974,326598,257673,67183,2014
"Huntington-Ashland, WV-KY-OH Metro Area",141061,6241,15914,18543,22964,21766,8790,20724,4002,4634,9257,5131,3095,2014
"Huntsville, AL Metro Area",196594,2532,17338,27635,38824,38790,20660,28538,4999,4982,8558,1985,1753,2014
"Huntsville, TX Micro Area",27132,269,3054,4241,3644,5445,1624,3738,1074,409,1935,1117,582,2014
"Hutchinson, KS Micro Area",28370,1597,5159,6947,5667,3074,949,1422,472,400,1421,1095,167,2014
"Idaho Falls, ID Metro Area",54655,3444,9133,11008,9748,7753,2699,4808,638,563,1383,2294,1184,2014
"Indiana, PA Micro Area",36049,2207,6365,6581,4617,4483,2052,3014,735,1316,2380,1355,944,2014
"Indianapolis-Carmel-Anderson, IN Metro Area",901561,23345,82117,117075,144843,144053,69721,135577,34904,37586,65144,32927,14269,2014
"Iowa City, IA Metro Area",81433,3038,11282,15584,17640,13160,4925,8428,1777,1407,2263,883,1046,2014
"Ithaca, NY Metro Area",45080,2002,5992,8494,8823,9906,2552,3518,461,511,1722,752,347,2014
"Jackson, MI Metro Area",63051,1639,8479,10887,11820,7517,3158,5168,2292,1898,6283,2851,1059,2014
"Jackson, MS Metro Area",245374,5347,19025,31048,42984,44210,20127,41199,6724,8733,13719,8560,3698,2014
"Jackson, TN Metro Area",53761,1550,6274,11988,12785,7442,3578,5022,971,915,1537,1138,561,2014
"Jacksonville, FL Metro Area",607447,12005,51196,68484,94989,104916,49015,92371,19788,26557,51241,24464,12421,2014
"Jacksonville, NC Metro Area",87651,4365,12056,10742,14087,12612,5180,11155,3108,2443,6276,3923,1704,2014
"Jamestown-Dunkirk-Fredonia, NY Micro Area",52143,3759,10566,8343,9329,6124,2893,5265,906,830,2017,1466,645,2014
"Janesville-Beloit, WI Metro Area",74939,2628,12910,13359,11261,9779,3861,6758,2108,3290,5248,2593,1144,2014
"Jefferson City, MO Metro Area",64801,2211,8180,12245,12397,8034,3484,8388,1940,1932,3706,1687,597,2014
"Johnson City, TN Metro Area",80258,2974,9967,12754,14401,14874,6055,8732,1887,2157,3485,1628,1344,2014
"Johnstown, PA Metro Area",56114,3346,7926,9012,8491,7198,3400,4823,1271,1550,4791,2191,2115,2014
"Jonesboro, AR Metro Area",52599,3178,7421,11097,12283,6978,1884,4076,761,399,2010,1780,732,2014
"Joplin, MO Metro Area",78272,4115,12181,13537,15746,11331,5081,8289,1192,1505,2851,1727,717,2014
"Kahului-Wailuku-Lahaina, HI Metro Area",74452,4727,9227,12936,11212,9518,5078,7479,1934,1482,5388,3805,1666,2014
"Kalamazoo-Portage, MI Metro Area",147220,5344,22125,23275,26743,28221,10500,13152,3308,3687,5772,2997,2096,2014
"Kalispell, MT Micro Area",41513,1880,6828,7879,9120,4866,1871,5922,281,714,1346,566,240,2014
"Kankakee, IL Metro Area",48704,1882,7885,8840,8132,5622,2647,4045,841,1728,2909,2497,1676,2014
"Kansas City, MO-KS Metro Area",956066,24974,95925,137964,159799,167096,84312,131222,29872,31196,60945,21765,10996,2014
"Kapaa, HI Micro Area",31730,1447,4373,4507,4509,3898,1596,5439,727,489,3238,1269,238,2014
"Keene, NH Micro Area",36185,1353,6140,5430,6336,3816,2245,3804,955,1520,1839,1362,1385,2014
"Kennewick-Richland, WA Metro Area",115385,3160,11564,18003,23623,23830,6968,8486,2277,4534,7302,4010,1628,2014
"Key West, FL Micro Area",37974,3668,7345,8913,7176,3457,652,2710,870,795,869,1043,476,2014
"Killeen-Temple, TX Metro Area",184078,7548,25811,32559,36741,26256,10789,19434,2438,3810,7005,7882,3805,2014
"Kingsport-Bristol-Bristol, TN-VA Metro Area",120737,3322,15026,21612,19116,18959,7386,15285,3286,3792,7859,3057,2037,2014
"Kingston, NY Metro Area",77301,3601,6916,11315,10609,9424,4727,13207,1521,2772,5580,4849,2780,2014
"Klamath Falls, OR Micro Area",22732,2327,4919,5614,4963,1961,592,1172,191,260,304,314,115,2014
"Knoxville, TN Metro Area",357089,8255,30829,52227,66023,63732,27305,50830,9955,11511,21437,10692,4293,2014
"Kokomo, IN Metro Area",33775,1657,5786,7988,6173,4548,796,1674,568,886,1336,1411,952,2014
"La Crosse-Onalaska, WI-MN Metro Area",69551,5630,10734,13136,13911,9502,4160,5309,1331,1906,1841,1221,870,2014
"Lafayette, LA Metro Area",219133,9432,25651,34853,36823,33105,11279,27706,5581,3357,11298,6604,13444,2014
"Lafayette-West Lafayette, IN Metro Area",92245,2565,14053,21622,17993,13363,5406,7732,1904,1685,2908,2114,900,2014
"LaGrange, GA Micro Area",28479,668,4097,5327,6991,4066,1196,1962,306,260,1711,1460,435,2014
"Lake Charles, LA Metro Area",83700,3465,9486,18109,18045,13585,3742,9185,1678,643,2251,1457,2054,2014
"Lake City, FL Micro Area",22730,729,2471,4243,4176,3051,1402,2541,291,550,1726,723,827,2014
"Lake Havasu City-Kingman, AZ Metro Area",64095,3313,14232,13072,13760,8251,1579,3321,315,1242,1783,1680,1547,2014
"Lakeland-Winter Haven, FL Metro Area",237357,5287,17376,30513,42668,48415,14888,32431,7505,7884,16427,8698,5265,2014
"Lancaster, PA Metro Area",249265,9467,28488,36418,42707,42691,16097,30163,5538,8556,14169,9768,5203,2014
"Lansing-East Lansing, MI Metro Area",211964,8259,23949,39477,43352,35620,14795,20414,4750,4610,6990,5932,3816,2014
"Laredo, TX Metro Area",95811,2845,7884,17610,22580,17261,4326,11771,926,1368,4189,3484,1567,2014
"Las Cruces, NM Metro Area",85417,3095,10656,16296,16898,14574,4181,8235,1678,2308,2599,4111,786,2014
"Las Vegas-Henderson-Paradise, NV Metro Area",907851,15696,62168,106319,149108,190769,86571,168427,21613,27917,38894,22752,17617,2014
"Laurel, MS Micro Area",31210,1756,2253,3164,8426,3995,2046,5624,250,204,1912,788,792,2014
"Lawrence, KS Metro Area",55576,1826,9180,13150,7729,5691,2445,6597,1589,1890,3535,1609,335,2014
"Lawton, OK Metro Area",53890,2081,10205,11224,10805,7385,3405,3672,1008,887,1881,639,698,2014
"Lebanon, PA Metro Area",60683,3118,7807,9655,9613,7790,3969,6450,1589,3599,4107,1896,1090,2014
"Lewiston, ID-WA Metro Area",25990,2498,5849,7150,4820,2235,691,957,448,51,674,328,289,2014
"Lewiston-Auburn, ME Metro Area",50858,2157,7173,7311,8333,6237,2529,5718,1426,1802,5555,1786,831,2014
"Lexington-Fayette, KY Metro Area",234192,7578,28302,37346,45429,41141,15345,29741,5019,6079,10785,4442,2985,2014
"Lima, OH Metro Area",45477,2699,5828,10477,10431,6577,2975,2699,631,833,1203,754,370,2014
"Lincoln, NE Metro Area",164464,6140,22360,33404,36049,28839,7328,15327,1651,2588,5266,4119,1393,2014
"Little Rock-North Little Rock-Conway, AR Metro Area",322549,8537,35273,49176,50352,62501,21689,43452,7127,10648,19366,9807,4621,2014
"Logan, UT-ID Metro Area",55244,3537,11530,13372,10399,5566,1470,3547,91,918,2078,1696,1040,2014
"London, KY Micro Area",41885,1657,5776,8108,10503,5106,1678,3823,828,672,2129,639,966,2014
"Longview, TX Metro Area",89661,4402,10902,16030,15982,12313,4789,11037,1849,1460,5652,2904,2341,2014
"Longview, WA Metro Area",35900,1395,4825,6235,6252,5678,1368,3191,414,843,2717,2506,476,2014
"Los Angeles-Long Beach-Anaheim, CA Metro Area",5818616,75169,374133,658397,830088,834561,337100,1024047,161770,286945,556280,503464,176662,2014
"Louisville/Jefferson County, KY-IN Metro Area",575092,12196,46424,74632,98519,109445,46109,89010,17923,21934,34669,17099,7132,2014
"Lubbock, TX Metro Area",143726,7989,23788,37198,34601,18559,3840,7548,746,1572,2841,2540,2504,2014
"Lufkin, TX Micro Area",35180,2537,6988,8753,6782,3810,1486,2174,134,8,577,863,1068,2014
"Lumberton, NC Micro Area",44001,1502,3727,6682,8864,7726,2836,5521,672,977,2704,1866,924,2014
"Lynchburg, VA Metro Area",113288,2428,11865,17394,19688,19688,8998,13653,2284,3644,6658,3768,3220,2014
