Metro Area,Total,Less than 5 minutes,5 to 9 minutes,10 to 14 minutes,15 to 19 minutes,20 to 24 minutes,25 to 29 minutes,30 to 34 minutes,35 to 39 minutes,40 to 44 minutes,45 to 59 minutes,60 to 89 minutes,90 or more minutes,Year
"Salisbury, MD Metro Area",53152,1412,4447,10248,12165,7412,2346,7225,1049,1433,2352,1790,1273,2012
"Salisbury, NC Micro Area",53049,1594,5056,9034,8429,9811,4089,4616,504,1231,3598,3667,1420,2012
"Salt Lake City, UT Metro Area",533661,11676,41936,78183,96936,108589,35963,79240,12140,17327,30081,13149,8441,2012
"San Angelo, TX Metro Area",53011,2635,10505,15603,12862,5082,924,1531,290,491,1021,1094,973,2012
"San Antonio-New Braunfels, TX Metro Area",971730,23624,84245,122000,157153,171239,72442,155364,27637,37133,63746,37648,19499,2012
"San Diego-Carlsbad-San Marcos, CA Metro Area",1361160,24230,96577,188783,247126,245649,102726,211875,35091,46827,85752,51112,25412,2012
"Sandusky, OH Metro Area",33600,1128,5284,7960,6116,3303,2298,3053,613,308,1378,1401,758,2012
"San Francisco-Oakland-Fremont, CA Metro Area",1991876,30251,130436,219878,268688,269119,111785,310916,59980,102800,222230,205973,59820,2012
"San Germán-Cabo Rojo, PR Metro Area",31210,263,2439,4378,4902,5582,3042,4633,494,1900,1636,1004,937,2012
"San Jose-Sunnyvale-Santa Clara, CA Metro Area",845216,11328,58626,106767,142339,155913,59615,134482,20241,33636,62471,45409,14389,2012
"San Juan-Caguas-Guaynabo, PR Metro Area",734433,14466,38912,67975,101645,100184,32369,130729,16726,37215,72085,90037,32090,2012
"San Luis Obispo-Paso Robles, CA Metro Area",117936,5394,19239,21705,18157,16556,6488,11007,3138,3969,5826,3686,2771,2012
"Santa Barbara-Santa Maria-Goleta, CA Metro Area",180639,6716,33160,40947,36065,24571,4756,15812,2878,2792,5586,4545,2811,2012
"Santa Cruz-Watsonville, CA Metro Area",121110,1329,12178,20270,25211,15085,4211,11965,1950,5126,12027,9370,2388,2012
"Santa Fe, NM Metro Area",62568,2026,8357,10525,10673,11205,3463,7763,1348,1310,3172,1881,845,2012
"Santa Rosa-Petaluma, CA Metro Area",213184,8326,25824,34020,35737,28693,11356,23721,3951,5638,11957,15191,8770,2012
"Savannah, GA Metro Area",156206,2643,13233,20772,27389,30075,14523,22531,4454,4381,10743,3738,1724,2012
"Scranton--Wilkes-Barre, PA Metro Area",244567,12612,31081,41134,45371,41395,13408,26653,4958,5645,10616,7081,4613,2012
"Seaford, DE Micro Area",84589,3415,9866,9636,13520,11697,6036,11181,3930,3680,4595,4302,2731,2012
"Searcy, AR Micro Area",31013,1908,4010,6177,5263,3804,1090,1768,775,971,2743,2158,346,2012
"Seattle-Tacoma-Bellevue, WA Metro Area",1664598,33043,110447,189453,230956,244838,119539,273173,59009,89584,160768,110279,43509,2012
"Sebastian-Vero Beach, FL Metro Area",45985,1845,4066,7849,9550,6433,3257,6305,1408,598,1612,1506,1556,2012
"Sebring, FL Micro Area",28007,300,2475,5995,9883,3452,1409,892,495,245,1059,1041,761,2012
"Seneca, SC Micro Area",25075,1385,2559,3556,4941,4063,1024,2870,474,586,1767,1048,802,2012
"Sevierville, TN Micro Area",41936,1169,2732,3349,5939,7006,4408,7039,2121,2182,3809,1515,667,2012
"Shawnee, OK Micro Area",27933,1119,3804,4824,4375,3934,1358,2543,727,1156,2390,1312,391,2012
"Sheboygan, WI Metro Area",56721,3760,9303,13624,11404,6547,2425,3082,950,1278,2131,1721,496,2012
"Shelby, NC Micro Area",37343,1345,3988,4960,7286,5234,2804,4777,1288,1043,2750,1445,423,2012
"Sherman-Denison, TX Metro Area",50520,2024,6990,8763,9701,6286,1768,4952,647,1789,2835,2660,2105,2012
"Show Low, AZ Micro Area",28788,2660,7057,4592,3684,1511,492,2745,605,583,1760,1943,1156,2012
"Shreveport-Bossier City, LA Metro Area",175759,3348,15522,31957,39135,35878,8928,20529,2660,2159,7578,4242,3823,2012
"Sierra Vista-Douglas, AZ Micro Area",45612,4568,7711,10955,8554,4731,1202,3531,537,346,1551,1375,551,2012
"Sioux City, IA-NE-SD Metro Area",68573,3358,10825,14454,14182,12293,2963,5407,765,1112,1757,853,604,2012
"Sioux Falls, SD Metro Area",123642,4596,15251,28556,30073,22603,5664,8591,1395,1481,2535,1921,976,2012
"Somerset, PA Micro Area",30537,2346,3768,4353,4641,5206,1895,2457,1176,811,1578,1140,1166,2012
"South Bend-Mishawaka, IN-MI Metro Area",135615,3829,15350,25519,24200,23704,8330,16843,3802,2953,6760,2493,1832,2012
"Southern Pines-Pinehurst, NC Micro Area",34357,1042,3471,5672,4735,4514,1955,3255,1704,1615,2839,2764,791,2012
"Spartanburg, SC Metro Area",113247,3684,11701,15844,18935,23130,9836,15690,2538,3383,3831,2706,1969,2012
"Spokane, WA Metro Area",195841,5390,23033,33867,39088,33247,15866,21800,4507,4881,7900,3786,2476,2012
"Springfield, IL Metro Area",99616,4002,12777,17427,23642,18499,6151,10137,818,929,2309,1542,1383,2012
"Springfield, MA Metro Area",303244,9724,36520,48508,50469,50066,21185,37721,8448,8910,15416,10285,5992,2012
"Springfield, MO Metro Area",193804,6318,19666,29184,40159,38443,11131,22489,3649,4922,10924,4344,2575,2012
"Springfield, OH Metro Area",53818,2356,5436,9968,9641,8463,3680,5063,1536,1543,3268,1835,1029,2012
"State College, PA Metro Area",66817,2910,8320,12953,14827,9129,3434,6613,1152,1607,2374,2574,924,2012
"Statesboro, GA Micro Area",26601,1063,5950,6977,2990,2244,652,2062,422,231,2537,980,493,2012
"Statesville-Mooresville, NC Micro Area",67931,2195,6978,12614,13233,9911,3763,5950,1630,2543,4915,2934,1265,2012
"Staunton-Waynesboro, VA Micro Area",52273,1568,5608,7826,8802,8249,3610,6900,1956,2076,3922,932,824,2012
"Steubenville-Weirton, OH-WV Metro Area",48686,1812,7039,6768,5758,5081,3278,6500,1686,1658,4965,2964,1177,2012
"Stevens Point, WI Micro Area",33339,1163,5604,8672,6541,2907,1935,2854,655,444,1085,963,516,2012
"Stillwater, OK Micro Area",35477,1774,7483,11112,4474,3126,884,2404,296,867,491,1850,716,2012
"Stockton, CA Metro Area",249069,7746,29441,34083,39877,35385,12707,26315,4258,5668,16139,19276,18174,2012
"Sumter, SC Metro Area",43112,1916,5666,8589,9330,4835,1307,4524,1025,399,2738,1428,1355,2012
"Sunbury, PA Micro Area",37655,1359,4122,5558,6010,5647,2593,4858,1255,1616,2154,1189,1294,2012
"Syracuse, NY Metro Area",288217,11028,34681,51403,56136,53949,19281,28001,6356,7249,11659,4806,3668,2012
"Talladega-Sylacauga, AL Micro Area",29742,663,4452,4608,4101,4281,1526,2922,966,861,2043,2791,528,2012
"Tallahassee, FL Metro Area",167902,3997,14683,27439,32698,27485,11822,24714,6036,4083,9082,3766,2097,2012
"Tampa-St. Petersburg-Clearwater, FL Metro Area",1151281,21288,94816,146288,186868,187005,80496,172241,36561,44315,105892,54391,21120,2012
"Terre Haute, IN Metro Area",74171,3785,11303,13676,13611,11048,4752,6326,1540,1379,3180,1507,2064,2012
"Texarkana, TX-Texarkana, AR Metro Area",54230,1859,7014,14486,9832,8895,2204,6134,420,417,1428,895,646,2012
"The Villages, FL Micro Area",19360,400,1786,5171,4548,1523,280,2438,419,364,569,1219,643,2012
"Thomasville-Lexington, NC Micro Area",65694,2603,5895,10549,12806,10597,3001,10852,2679,2143,2675,1266,628,2012
"Toledo, OH Metro Area",277000,11692,34247,47186,57642,48922,21402,25769,5030,4959,9636,5748,4767,2012
"Topeka, KS Metro Area",106315,3956,12277,21822,27573,15656,5736,8691,1477,2114,3822,2402,789,2012
"Torrington, CT Micro Area",93003,4552,10222,14241,11543,12768,5911,8541,3513,4772,7649,7001,2290,2012
"Traverse City, MI Micro Area",62193,2456,9452,9226,12026,9741,5130,5838,1375,1655,2592,1178,1524,2012
"Trenton-Ewing, NJ Metro Area",159592,3798,16270,26235,29079,20556,10478,15956,2978,4247,10970,8606,10419,2012
"Truckee-Grass Valley, CA Micro Area",36687,1057,4928,7043,6565,3965,2368,3573,1121,988,1782,1759,1538,2012
"Tucson, AZ Metro Area",393600,9424,36036,49733,67250,66581,30035,66616,11785,14593,24009,10640,6898,2012
"Tullahoma, TN Micro Area",36107,1724,5477,5700,4701,4880,3072,4367,1171,1032,1704,1455,824,2012
"Tulsa, OK Metro Area",416328,13838,46856,68018,74227,80691,28893,54448,8646,8793,18044,9000,4874,2012
"Tupelo, MS Micro Area",57868,2714,6815,9589,10117,10652,3976,6852,1373,869,2691,1248,972,2012
"Tuscaloosa, AL Metro Area",89828,1545,8091,20074,17961,14873,5631,9090,1069,2383,3625,3952,1534,2012
"Twin Falls, ID Micro Area",43101,2853,8871,8393,8826,5742,1548,2630,738,936,1088,461,1015,2012
"Tyler, TX Metro Area",90824,3088,10556,14909,19273,14015,3545,14371,2001,2381,2825,1984,1876,2012
"Ukiah, CA Micro Area",32687,2122,8473,8917,3210,3164,1067,2585,191,804,1120,303,731,2012
"Utica-Rome, NY Metro Area",124826,7023,19178,23629,20199,17074,7590,12576,3128,3307,5855,3266,2001,2012
"Valdosta, GA Metro Area",56811,2901,8160,12322,12889,7385,2803,3906,682,1060,2318,1222,1163,2012
"Vallejo-Fairfield, CA Metro Area",173073,4584,17533,27702,25313,20728,8805,19777,5422,5462,14073,16583,7091,2012
"Victoria, TX Metro Area",51355,1732,6781,12729,9340,6272,1883,4637,549,1103,2910,1833,1586,2012
"Vineland-Millville-Bridgeton, NJ Metro Area",56873,2806,7906,11592,9338,6594,2501,5258,791,1023,3233,4785,1046,2012
"Virginia Beach-Norfolk-Newport News, VA-NC Metro Area",784651,15801,64877,114431,138496,130418,56822,126542,21998,25146,52373,26103,11644,2012
"Visalia-Porterville, CA Metro Area",160229,7288,23413,34825,25159,21054,4842,16783,3328,5253,8328,6945,3011,2012
"Waco, TX Metro Area",99661,3134,10576,22506,23831,18348,4388,9820,1090,1362,2196,1240,1170,2012
"Warner Robins, GA Metro Area",62724,1776,5796,10714,13599,9032,5205,10319,1441,1176,2412,693,561,2012
"Warsaw, IN Micro Area",35097,1176,6370,6544,5807,5483,2827,2388,518,707,1468,1181,628,2012
"Washington-Arlington-Alexandria, DC-VA-MD-WV Metro Area",2915564,34777,152135,237904,319220,368912,161915,477952,111811,170250,395596,360237,124855,2012
"Waterloo-Cedar Falls, IA Metro Area",82014,4884,19368,18090,17429,10200,3383,4037,1166,670,1363,692,732,2012
"Watertown-Fort Atkinson, WI Micro Area",41709,3254,5673,6320,5600,4139,3363,3794,1901,1739,3543,2020,363,2012
"Watertown-Fort Drum, NY Micro Area",51434,4305,7625,8996,9771,8485,2762,4635,956,1099,1504,604,692,2012
"Wausau, WI Metro Area",64924,4123,9992,12043,14601,9760,3401,4681,949,956,1997,1379,1042,2012
"Wenatchee-East Wenatchee, WA Metro Area",46771,2090,7459,9579,9145,7330,2270,3880,666,964,1682,946,760,2012
"Wheeling, WV-OH Metro Area",61619,2538,8730,10106,9925,8900,4651,5994,1406,1461,4122,2496,1290,2012
"Whitewater, WI Micro Area",48564,2071,7508,8351,7457,5698,2929,4009,1243,1300,3141,3691,1166,2012
"Wichita, KS Metro Area",280649,11191,34197,52181,57779,54528,18654,31093,4289,4572,6048,3549,2568,2012
"Wichita Falls, TX Metro Area",66876,2643,12012,20790,13160,8063,1667,3912,781,477,989,887,1495,2012
"Williamsport, PA Metro Area",52458,2743,8831,9775,9558,6548,2608,5696,1086,1045,1719,1760,1089,2012
"Willimantic, CT Micro Area",54634,1489,7256,7232,7600,7728,2680,5734,2556,2133,5655,3400,1171,2012
"Wilmington, NC Metro Area",156535,4053,19978,28317,31849,25001,9154,15261,3418,3658,7537,4466,3843,2012
"Wilson, NC Micro Area",32986,1941,2811,8304,6711,3947,1283,2824,552,795,1885,985,948,2012
"Winchester, VA-WV Metro Area",57858,2785,5549,8137,8260,8700,3456,5587,1534,1658,3100,5766,3326,2012
"Winston-Salem, NC Metro Area",199754,5671,19793,32533,39197,31764,15866,24701,5398,5821,9381,5316,4313,2012
"Wooster, OH Micro Area",50679,3472,7375,9964,7001,7337,2720,4469,1126,1561,3222,1492,940,2012
"Worcester, MA Metro Area",372451,9428,34172,50059,49088,53174,21594,49440,12276,16645,35804,27958,12813,2012
"Yakima, WA Metro Area",93874,2880,13998,15726,20247,14195,5608,10269,1762,1554,3560,2544,1531,2012
"Yauco, PR Metro Area",22285,333,1137,5857,3213,2640,992,3300,305,877,2216,1003,412,2012
"York-Hanover, PA Metro Area",201308,5038,17990,28916,31479,32151,13228,22082,5110,8472,17015,13848,5979,2012
"Youngstown-Warren-Boardman, OH-PA Metro Area",226137,9598,31315,40333,42352,32908,14958,20460,4035,5798,10918,8932,4530,2012
"Yuba City, CA Metro Area",59340,2151,7456,9833,7993,7210,2325,6658,955,1162,6475,5143,1979,2012
"Yuma, AZ Metro Area",68080,2767,11849,13594,14087,9427,2651,6576,972,1859,2517,1070,711,2012
"Zanesville, OH Micro Area",35958,1756,3578,5881,6663,4978,1946,4331,905,892,2035,1849,1144,2012
"Aberdeen, WA Micro Area",24440,1306,4069,3754,3868,2444,957,2534,295,1230,1520,1884,579,2012
"Abilene, TX Metro Area",67696,4866,12323,15283,13418,8983,2245,4616,506,916,1808,1459,1273,2012
"Adrian, MI Micro Area",39435,2255,5321,5421,4319,4309,2375,2872,1959,2711,4554,2502,837,2012
"Aguadilla-Isabela-San Sebastián, PR Metro Area",71978,3532,7631,11418,9446,9321,4615,7015,1955,2486,6758,5160,2641,2012
"Akron, OH Metro Area",316046,10941,32470,50803,55083,50738,23998,33476,10086,15030,19496,9237,4688,2012
"Alamogordo, NM Micro Area",22679,1570,5075,4200,2840,3495,1308,2209,338,155,433,379,677,2012
"Albany, GA Metro Area",57135,2573,6192,12057,11417,10275,3492,5100,904,509,1921,1310,1385,2012
"Albany-Lebanon, OR Micro Area",45633,2070,7140,8630,4511,5464,3728,5841,1501,1164,2685,1772,1127,2012
"Albany-Schenectady-Troy, NY Metro Area",407107,12407,40441,65262,72308,67793,31558,56017,11792,13846,21380,8561,5742,2012
"Albertville, AL Micro Area",35190,1652,4688,5752,6371,4120,2156,2480,840,1845,3107,1764,415,2012
"Albuquerque, NM Metro Area",377629,9671,33302,50716,76259,72459,25986,53131,7936,9873,21175,11209,5912,2012
"Alexandria, LA Metro Area",58289,2944,7038,10267,11282,8456,3319,5669,1160,1216,1983,1973,2982,2012
"Allegan, MI Micro Area",45993,1796,5473,6003,6919,7242,4046,6925,1789,1462,2486,1197,655,2012
"Allentown-Bethlehem-Easton, PA-NJ Metro Area",371188,10516,38812,50198,58555,55732,24160,41216,8661,13228,27184,28892,14034,2012
"Altoona, PA Metro Area",54621,2702,9445,11665,9274,6941,3395,4746,843,1460,2311,1243,596,2012
"Amarillo, TX Metro Area",113829,5112,17184,27529,23957,17716,3039,8784,895,1227,3004,2913,2469,2012
"Ames, IA Metro Area",46154,2678,8536,11693,8251,4869,1791,3366,785,551,2806,605,223,2012
"Anchorage, AK Metro Area",186702,9577,20368,33970,41722,27898,6890,18105,2162,3242,9303,8664,4801,2012
"Anderson, IN Metro Area",50708,1570,6937,7716,6512,7382,2684,5589,1414,1763,5184,2788,1169,2012
"Anderson, SC Metro Area",74432,1376,6744,13407,13681,13488,4824,8541,2620,2433,4654,1283,1381,2012
"Ann Arbor, MI Metro Area",159539,3664,16387,27428,28478,28061,9176,18613,3996,6388,10386,5424,1538,2012
"Anniston-Oxford, AL Metro Area",44305,1130,5445,6685,8232,6088,4110,5174,1268,788,3043,1709,633,2012
"Appleton, WI Metro Area",113849,4425,14346,24134,23882,18108,7925,10325,2505,2034,3185,1215,1765,2012
"Asheville, NC Metro Area",178647,5891,22533,27874,33557,30532,14605,20788,4165,3834,7166,4325,3377,2012
"Ashtabula, OH Micro Area",38612,2178,5120,6249,5786,4618,2675,3202,841,1591,3474,2197,681,2012
"Athens, TX Micro Area",29685,1132,4938,4109,4090,2769,1588,2571,756,1897,2078,2079,1678,2012
"Athens-Clarke County, GA Metro Area",81773,2053,8933,15658,19639,12353,4408,7031,1680,1413,2849,2695,3061,2012
"Atlanta-Sandy Springs-Marietta, GA Metro Area",2297995,39716,146113,237028,302877,327796,142623,380259,87064,122385,265324,185561,61249,2012
"Atlantic City-Hammonton, NJ Metro Area",118613,3634,13592,19860,23226,19711,7055,12262,2925,3511,4281,6013,2543,2012
"Auburn, NY Micro Area",32233,1721,5451,4872,4098,4270,1483,3705,1151,1959,2230,707,586,2012
"Auburn-Opelika, AL Metro Area",65140,1153,7011,10667,15382,8280,4389,8446,2198,968,3592,1685,1369,2012
"Augusta-Richmond County, GA-SC Metro Area",231570,5169,20184,35683,47147,42836,12395,31053,4995,5822,14739,8027,3520,2012
"Augusta-Waterville, ME Micro Area",50800,1884,7269,7993,6646,6953,3555,6284,1362,2142,3337,2052,1323,2012
"Austin-Round Rock-San Marcos, TX Metro Area",852934,23141,72079,105734,139835,137512,51266,136365,27211,38122,66361,40436,14872,2012
"Bakersfield-Delano, CA Metro Area",303055,8891,34576,52475,54531,49804,13729,32827,6222,7410,15637,17963,8990,2012
"Baltimore-Towson, MD Metro Area",1286794,21976,85923,134274,171405,192122,85558,212356,47615,61172,125435,100622,48336,2012
"Bangor, ME Metro Area",68832,4179,10486,11057,12349,10076,3942,7078,1685,1876,2674,1736,1694,2012
"Barnstable Town, MA Metro Area",91492,3044,13429,16427,16066,11162,6400,8393,1837,2472,4150,4076,4036,2012
"Baton Rouge, LA Metro Area",364983,9749,32157,42713,52775,62046,20193,57852,10155,11501,36068,20867,8907,2012
"Battle Creek, MI Metro Area",55631,2125,6874,12748,10208,9511,3031,5181,1061,1189,1968,1045,690,2012
"Bay City, MI Metro Area",44327,2009,6995,8261,7413,5312,3237,5395,938,680,1899,1409,779,2012
"Beaumont-Port Arthur, TX Metro Area",154535,6098,20021,26752,27905,24646,9113,21729,3306,1938,7981,2830,2216,2012
"Beaver Dam, WI Micro Area",40780,3034,6831,5722,5309,5404,2634,3327,1068,1158,3141,2706,446,2012
"Beckley, WV Micro Area",26729,1420,3795,4910,5716,2732,1013,2114,161,220,1884,1814,950,2012
"Bellingham, WA Metro Area",89876,3663,12485,18983,17112,9958,6208,10844,1728,1489,3328,1994,2084,2012
"Bend, OR Metro Area",62167,1397,11799,13590,10445,8350,3160,7376,1623,526,1588,522,1791,2012
"Billings, MT Metro Area",79152,2947,10298,18124,17749,14238,2765,5461,830,1197,1489,1034,3020,2012
"Binghamton, NY Metro Area",106964,3413,15969,20628,21059,18760,6803,7962,1706,1861,3601,3159,2043,2012
"Birmingham-Hoover, AL Metro Area",474073,11029,35565,56743,73846,79315,34541,80091,13563,19009,40891,22334,7146,2012
"Bismarck, ND Metro Area",59493,2733,10203,15601,13549,6133,1882,2992,476,846,1440,1718,1920,2012
"Blacksburg-Christiansburg-Radford, VA Metro Area",70003,3050,12305,12745,11785,10694,3870,6994,985,2344,3458,1038,735,2012
"Bloomington, IN Metro Area",85600,4985,11416,18803,13660,11391,3796,8018,1524,1883,4227,3398,2499,2012
"Bloomington-Normal, IL Metro Area",86883,3823,16684,20824,18653,9596,2676,5094,1509,1206,3633,2376,809,2012
"Bloomsburg-Berwick, PA Micro Area",37827,1692,5562,7046,5910,4534,2657,4273,818,1551,1905,1017,862,2012
"Bluefield, WV-VA Micro Area",38848,3172,5967,5513,7548,4829,1621,3793,585,1175,1916,2259,470,2012
"Boise City-Nampa, ID Metro Area",269493,8564,30404,42182,52857,49038,22949,33295,6228,6330,8920,4683,4043,2012
"Boston-Cambridge-Quincy, MA-NH Metro Area",2261304,55141,181259,261367,284069,279649,124813,356288,76692,121135,248224,211097,61570,2012
"Boulder, CO Metro Area",142964,4821,17836,26140,24285,21380,8290,16688,3070,5143,7727,5339,2245,2012
"Bowling Green, KY Metro Area",55769,1745,8981,12192,12691,7851,2927,3948,588,876,1896,949,1125,2012
"Bozeman, MT Micro Area",46383,3239,8658,10362,10047,7022,1655,1880,55,528,979,865,1093,2012
"Brainerd, MN Micro Area",37933,1950,7700,6304,6104,4217,2256,3873,769,783,1757,760,1460,2012
"Branson, MO Micro Area",33312,1271,4696,5220,5500,4629,2891,3064,508,1163,2229,1601,540,2012
"Bremerton-Silverdale, WA Metro Area",106322,2058,9111,15209,18711,17343,5539,12012,2367,2887,5240,7506,8339,2012
"Bridgeport-Stamford-Norwalk, CT Metro Area",421946,10432,41929,65078,65389,61115,20733,49359,9321,11782,28629,38389,19790,2012
"Brownsville-Harlingen, TX Metro Area",140019,4345,14612,23695,33429,24730,7389,18651,2891,1061,4946,3532,738,2012
"Brunswick, GA Metro Area",45251,1634,3895,6889,10050,9391,2047,3757,694,465,3354,2120,955,2012
"Buffalo-Niagara Falls, NY Metro Area",514178,16080,61226,88472,92835,92301,40331,61793,12620,13781,18399,9846,6494,2012
"Burlington, NC Metro Area",65885,1996,8899,11823,10077,9179,4120,7028,2389,2534,4564,1839,1437,2012
"Burlington-South Burlington, VT Metro Area",105577,4665,11609,17622,16577,15775,8886,11680,2347,4172,7481,3342,1421,2012
"Canton-Massillon, OH Metro Area",175127,6270,21984,29754,28338,27508,11736,18332,4961,5639,10801,6441,3363,2012
"Cape Coral-Fort Myers, FL Metro Area",234308,4547,16477,27291,33244,37871,14940,41840,8821,10827,19768,12655,6027,2012
"Cape Girardeau-Jackson, MO-IL Metro Area",41934,2048,6617,8482,8118,5296,2075,3498,1132,609,1794,1401,864,2012
"Carson City, NV Metro Area",22145,634,5277,7060,2794,1611,671,1535,769,647,336,485,326,2012
"Casper, WY Metro Area",39465,1156,6314,11857,9353,5451,997,1499,324,84,567,976,887,2012
"Cedar Rapids, IA Metro Area",125559,6980,18899,24115,22306,18340,7632,10941,3480,3227,4835,3274,1530,2012
"Centralia, WA Micro Area",27817,1481,4013,4436,4218,4021,1362,3122,675,952,1099,1379,1059,2012
"Chambersburg, PA Micro Area",67597,2706,6662,12226,13627,8173,3631,7585,1250,2027,4716,3180,1814,2012
"Champaign-Urbana, IL Metro Area",110505,3726,17942,27300,23609,14465,6063,6896,1393,2081,3364,1419,2247,2012
"Charleston, WV Metro Area",121734,4280,13287,18259,21382,20780,7742,13471,2973,4536,7951,4322,2751,2012
"Charleston-Mattoon, IL Micro Area",27414,1983,6536,5609,3717,3143,723,2351,137,885,816,895,619,2012
"Charleston-North Charleston-Summerville, SC Metro Area",311947,4336,26291,43700,53555,54022,25813,47580,9073,10064,25016,7433,5064,2012
"Charlotte-Gastonia-Rock Hill, NC-SC Metro Area",804105,18018,65195,104060,128089,132426,59635,126102,29735,31850,63717,29241,16037,2012
"Charlottesville, VA Metro Area",89092,1365,6559,13610,16669,15731,6726,12619,3060,2824,4561,3690,1678,2012
"Chattanooga, TN-GA Metro Area",226927,8187,17902,33238,37883,40768,17674,34811,7211,6124,15003,4618,3508,2012
"Cheyenne, WY Metro Area",43986,2069,9025,12171,10366,4925,778,2152,0,258,1214,540,488,2012
"Chicago-Joliet-Naperville, IL-IN-WI Metro Area",4227545,76833,312163,475151,482309,545763,252646,665708,147663,235465,490689,411944,131211,2012
"Chico, CA Metro Area",77731,4429,16225,18009,11234,6340,4837,7679,1197,1235,3238,1932,1376,2012
"Chillicothe, OH Micro Area",28352,854,3159,3531,6071,4470,1573,3233,221,735,892,2204,1409,2012
"Cincinnati-Middletown, OH-KY-IN Metro Area",970037,23638,88855,136411,145096,167358,77441,144746,31013,42755,66642,32446,13636,2012
"Clarksburg, WV Micro Area",36563,1489,4806,5497,6590,5658,2765,3498,1447,1356,2172,741,544,2012
"Clarksville, TN-KY Metro Area",121641,6816,11821,19712,21747,20530,8243,14622,3000,2519,6479,4395,1757,2012
"Clearlake, CA Micro Area",21112,494,3031,3627,2124,3018,975,813,339,932,2654,1787,1318,2012
"Cleveland, TN Metro Area",43795,987,5462,7915,8651,6000,1729,4781,1692,1178,2965,1899,536,2012
"Cleveland-Elyria-Mentor, OH Metro Area",900429,23242,78181,123280,133940,150737,75779,135066,35077,42234,60122,27761,15010,2012
"Coamo, PR Micro Area",17748,209,2006,2646,3243,1957,141,4089,244,1229,1221,638,125,2012
"Coeur d'Alene, ID Metro Area",56309,2088,8072,9444,11326,6652,4589,5707,961,1430,3740,1884,416,2012
"College Station-Bryan, TX Metro Area",103396,3699,13685,26254,23678,15731,3634,6943,1342,1493,3060,1400,2477,2012
"Colorado Springs, CO Metro Area",296522,10103,30593,48772,56749,52805,21027,36871,6344,8405,12388,8305,4160,2012
"Columbia, MO Metro Area",86549,3579,10886,19635,20710,13124,4209,6913,958,1628,3826,562,519,2012
"Columbia, SC Metro Area",350625,16790,27605,50366,59854,63052,23018,56207,10598,10630,18579,8846,5080,2012
"Columbia, TN Micro Area",33322,963,2434,4377,5187,4055,1656,4548,1203,1149,3561,3116,1073,2012
"Columbus, GA-AL Metro Area",119676,2699,12440,19031,27754,20535,7672,17118,1202,2201,4826,2317,1881,2012
"Columbus, IN Metro Area",37681,1011,5330,11884,6991,5471,1768,1787,515,414,1219,788,503,2012
"Columbus, OH Metro Area",863573,23538,84616,121429,139505,161160,75080,127215,25433,28956,44040,21113,11488,2012
"Concord, NH Micro Area",69207,1773,6990,10001,9243,10470,5511,8793,2172,3147,6199,3454,1454,2012
"Cookeville, TN Micro Area",38719,796,5358,4856,5004,6913,1331,7271,1039,906,2102,2258,885,2012
"Coos Bay, OR Micro Area",20038,1188,4775,3008,3099,3645,829,1360,346,225,901,372,290,2012
"Corning, NY Micro Area",41444,2846,6866,7020,5108,5787,2478,4734,954,985,1698,1941,1027,2012
"Corpus Christi, TX Metro Area",189034,6985,25541,32590,37974,32806,7773,19591,2542,4065,8752,6213,4202,2012
"Corvallis, OR Metro Area",36108,1205,5931,10095,7012,4252,1502,2060,526,552,2030,621,322,2012
"Crestview-Fort Walton Beach-Destin, FL Metro Area",89578,3463,9225,15815,13776,11132,5478,15488,1546,2342,7334,2628,1351,2012
"Cullman, AL Micro Area",33962,1859,3817,4984,4564,5283,1282,3381,272,386,4481,2890,763,2012
"Cumberland, MD-WV Metro Area",39794,1648,5612,6413,7325,7320,2009,4030,696,801,1598,1486,856,2012
"Dallas-Fort Worth-Arlington, TX Metro Area",3002472,58967,234799,368233,430904,433848,195108,525886,99888,131749,294281,169882,58927,2012
"Dalton, GA Metro Area",55401,1270,3281,7645,14289,11021,2350,8672,1079,980,3053,1278,483,2012
"Danville, IL Metro Area",30858,854,5275,6709,6238,3967,1137,2392,756,468,1885,616,561,2012
"Danville, VA Metro Area",43100,1033,5114,6944,8173,7326,2555,4146,1228,1032,2063,2386,1100,2012
"Daphne-Fairhope-Foley, AL Micro Area",78851,3047,8522,11835,11970,10660,3931,8016,1580,2693,8661,6031,1905,2012
"Davenport-Moline-Rock Island, IA-IL Metro Area",173634,6110,25348,35589,30622,28320,13815,16843,3731,2826,4998,3366,2066,2012
"Dayton, OH Metro Area",361573,13459,41508,62707,64084,65827,26698,39471,8129,9135,14226,10972,5357,2012
"Decatur, AL Metro Area",62029,1228,5607,9354,8904,8801,3867,9901,3272,3501,5080,1854,660,2012
"Decatur, IL Metro Area",47253,2349,6805,11473,10774,5981,2008,2500,379,634,1808,1720,822,2012
"Deltona-Daytona Beach-Ormond Beach, FL Metro Area",178807,4710,14507,30010,32115,27423,10919,23468,4086,5791,12034,9064,4680,2012
"Denver-Aurora-Broomfield, CO Metro Area",1249014,25401,89781,142818,179233,205548,92681,215994,43401,60213,109684,59528,24732,2012
"Des Moines-West Des Moines, IA Metro Area",290874,11627,34033,48614,57187,59472,21317,30790,4971,5872,10269,4046,2676,2012
"Detroit-Warren-Livonia, MI Metro Area",1763105,38467,139967,215553,264656,275687,126138,281040,65850,84747,156477,86133,28390,2012
"Dothan, AL Metro Area",59214,1327,5608,10571,9586,8133,2539,12610,1309,1155,3423,2267,686,2012
"Dover, DE Metro Area",70815,3280,7069,12321,11440,9467,2472,7038,2033,1768,7189,4906,1832,2012
"DuBois, PA Micro Area",33319,1387,6348,4818,4950,3452,2293,3106,377,1228,2909,1444,1007,2012
"Dubuque, IA Metro Area",46637,1608,9308,11958,9638,6348,1673,3043,723,677,347,500,814,2012
"Duluth, MN-WI Metro Area",122561,7185,19427,24495,22006,16749,6948,10194,3045,2424,5854,2502,1732,2012
"Dunn, NC Micro Area",48387,1954,3237,3758,6450,6120,3238,8780,1956,2024,6007,4036,827,2012
"Durham-Chapel Hill, NC Metro Area",232568,5959,19543,35916,46128,39991,17246,27797,7682,7693,13154,7003,4456,2012
"East Liverpool-Salem, OH Micro Area",46585,2545,6324,6228,5966,5954,2891,5542,1478,2807,4481,1163,1206,2012
"East Stroudsburg, PA Micro Area",69391,2706,4735,7987,7515,8434,3980,7692,1686,1426,7150,5995,10085,2012
"Eau Claire, WI Metro Area",80281,3165,13243,19568,16464,9908,3149,6207,1505,1370,2508,1563,1631,2012
"El Centro, CA Metro Area",52072,1977,7874,9832,9810,7266,1620,6884,252,1361,1645,2008,1543,2012
"Elizabeth City, NC Micro Area",27354,1318,3089,5155,4081,3407,1227,2553,252,733,1707,2778,1054,2012
"Elizabethtown, KY Metro Area",53622,2934,6001,9349,11345,7062,2391,6761,529,959,3568,2119,604,2012
"Elkhart-Goshen, IN Metro Area",87503,3603,12422,14293,16344,16360,6297,8323,2545,1898,2973,1287,1158,2012
"Elmira, NY Metro Area",37643,1421,6378,8145,6717,5437,2051,2507,901,1308,1581,771,426,2012
"El Paso, TX Metro Area",318793,5726,24895,43779,60060,65070,22623,55733,5961,9199,12047,8242,5458,2012
"Enterprise-Ozark, AL Micro Area",41933,1382,4693,8960,7822,7471,2035,4196,937,765,2428,751,493,2012
"Erie, PA Metro Area",121807,6393,18401,24283,23834,19879,5953,12507,1488,1872,3625,1826,1746,2012
"Eugene-Springfield, OR Metro Area",137063,5291,19343,28298,28984,23274,6949,10801,1596,2794,4093,4009,1631,2012
"Eureka-Arcata-Fortuna, CA Micro Area",53870,5138,9138,12615,7627,7338,2237,4686,899,437,1498,1228,1029,2012
"Evansville, IN-KY Metro Area",162918,6077,19983,29137,33344,27920,10480,16548,2957,3856,6870,2846,2900,2012
"Fairbanks, AK Metro Area",48089,1783,6082,8443,9908,10010,3019,4549,875,464,1399,858,699,2012
"Fajardo, PR Metro Area",21555,380,1975,3421,4256,3534,926,1739,166,281,1115,2685,1077,2012
"Fargo, ND-MN Metro Area",118866,6958,20218,26765,31068,13567,5084,6916,706,1250,2260,2572,1502,2012
"Farmington, MO Micro Area",25040,998,5598,4152,3583,2993,598,1933,362,635,1233,1828,1127,2012
"Farmington, NM Metro Area",49361,1850,6711,9474,7284,6919,2225,6408,897,694,3130,2585,1184,2012
"Fayetteville, NC Metro Area",157818,5605,14378,21974,32526,29349,9634,24680,3502,3820,6247,3447,2656,2012
"Fayetteville-Springdale-Rogers, AR-MO Metro Area",206121,4529,28232,34227,41938,29587,16152,21906,4275,5498,13324,4219,2234,2012
"Findlay, OH Micro Area",35813,1585,7048,9531,6456,3696,1537,2075,537,566,1366,1028,388,2012
"Flagstaff, AZ Metro Area",60128,4325,13129,14790,12533,4683,1242,3138,488,700,1888,2432,780,2012
"Flint, MI Metro Area",149528,5081,15144,23370,27733,23452,9425,12723,2501,3712,13277,9957,3153,2012
"Florence, SC Metro Area",80785,2717,9252,13585,15854,14122,4228,9688,1556,1317,4601,2373,1492,2012
"Florence-Muscle Shoals, AL Metro Area",57380,1629,7336,10277,8842,8707,3116,6667,1430,1127,3668,3111,1470,2012
"Fond du Lac, WI Metro Area",49244,2607,7904,11147,8421,6054,2275,3691,1491,950,2331,1805,568,2012
"Forest City, NC Micro Area",24103,861,2472,5235,5319,2828,907,2263,323,1017,1445,1051,382,2012
"Fort Collins-Loveland, CO Metro Area",144837,5329,17554,27438,26953,20612,7213,14602,3449,4698,7145,6892,2952,2012
"Fort Payne, AL Micro Area",26486,1068,1859,4030,3657,4558,1745,5356,589,319,2045,569,691,2012
"Fort Smith, AR-OK Metro Area",116948,6271,15080,18694,21524,18412,6470,15292,1632,2802,6706,2161,1904,2012
"Fort Wayne, IN Metro Area",186837,5377,18385,32241,39312,38197,16477,18394,3653,3473,5776,2724,2828,2012
"Frankfort, KY Micro Area",32147,1321,5212,6304,5674,4476,1344,3054,1139,859,1498,801,465,2012
"Fresno, CA Metro Area",332107,9859,34416,49585,75827,56681,18547,41108,6771,5696,13517,11522,8578,2012
"Gadsden, AL Metro Area",36853,1404,3896,7771,7722,4421,1432,4098,571,531,1268,3073,666,2012
"Gainesville, FL Metro Area",111899,2855,12377,20882,22637,21298,5910,15715,1361,1833,3706,1676,1649,2012
"Gainesville, GA Metro Area",75544,1762,6193,12015,14606,9473,3716,8868,2184,2539,7800,4811,1577,2012
"Galesburg, IL Micro Area",29090,2317,6873,6133,3792,2725,1684,1620,642,420,1800,870,214,2012
"Gallup, NM Micro Area",20673,862,3737,4700,3039,1579,215,2539,202,183,1364,1570,683,2012
"Gettysburg, PA Micro Area",48208,1585,5882,6942,6238,6740,2812,4486,1937,1920,4787,3205,1674,2012
"Glens Falls, NY Metro Area",55797,1888,6883,9500,7990,7341,3451,6372,1895,2616,3753,3317,791,2012
"Goldsboro, NC Metro Area",49442,2209,6485,6893,10135,8079,2599,4923,952,2200,1792,1732,1443,2012
"Grand Forks, ND-MN Metro Area",50321,3842,13127,13354,8381,3736,1543,2713,536,372,1240,945,532,2012
"Grand Island, NE Micro Area",36200,3502,6298,10093,6508,3093,1555,2086,631,567,1104,355,408,2012
"Grand Junction, CO Metro Area",64479,2361,8968,12771,17489,9204,1888,3476,504,192,2253,3022,2351,2012
"Grand Rapids-Wyoming, MI Metro Area",346652,11851,38447,57422,59318,59763,28413,36016,9803,10737,19357,9970,5555,2012
"Grants Pass, OR Micro Area",25204,1671,5071,4398,3644,1939,1406,1989,682,868,2129,1041,366,2012
"Great Falls, MT Metro Area",36085,1786,6612,9869,8837,3184,1223,2239,176,276,673,624,586,2012
"Greeley, CO Metro Area",116905,4944,11769,16710,18917,14819,7116,15229,3213,4852,9522,7198,2616,2012
"Green Bay, WI Metro Area",150177,6061,19537,28538,31950,24952,10024,13262,3462,2971,4603,2846,1971,2012
"Greeneville, TN Micro Area",25644,1058,2686,3461,5114,4436,1785,3672,453,152,1502,670,655,2012
"Greensboro-High Point, NC Metro Area",312363,9608,32325,57348,64164,51352,22132,33129,5744,9061,13994,6928,6578,2012
"Greenville, NC Metro Area",87793,3203,12498,19056,18347,12703,4610,7835,1442,1450,2973,2828,848,2012
"Greenville-Mauldin-Easley, SC Metro Area",273103,8315,26656,39338,53050,49978,18679,36446,9939,7548,14841,4406,3907,2012
"Greenwood, SC Micro Area",23463,958,4005,5656,3615,3215,1589,1522,124,247,885,752,895,2012
"Guayama, PR Metro Area",16447,573,1225,2670,3069,2547,269,2563,433,440,861,1384,413,2012
"Gulfport-Biloxi, MS Metro Area",109697,2749,13501,19814,19907,18843,6171,14290,2469,1784,3890,4107,2172,2012
"Hagerstown-Martinsburg, MD-WV Metro Area",116549,4518,11884,15881,17047,17391,5567,13486,2909,6676,6910,5904,8376,2012
"Hammond, LA Micro Area",47786,2340,5118,7851,7507,4783,848,6024,802,1418,3346,5198,2551,2012
"Hanford-Corcoran, CA Metro Area",52734,3369,8077,8056,9038,6522,3688,4796,1646,2270,2560,2313,399,2012
"Harrisburg-Carlisle, PA Metro Area",261662,8145,28661,45329,45118,46862,21400,27353,5436,6656,15561,7306,3835,2012
"Harrisonburg, VA Metro Area",54199,2878,7676,11631,10064,8348,3000,5249,1134,555,1847,1115,702,2012
"Hartford-West Hartford-East Hartford, CT Metro Area",566893,18473,56387,83705,95245,95784,37806,79101,18465,22596,33114,16795,9422,2012
"Hattiesburg, MS Metro Area",59926,3170,6847,8762,13790,8926,2209,7452,1442,1597,1626,1839,2266,2012
"Helena, MT Micro Area",38299,1463,6047,10695,9256,4339,1072,3141,379,52,625,623,607,2012
"Hickory-Lenoir-Morganton, NC Metro Area",148094,4845,14617,21641,29622,28954,10217,15818,2653,2803,8182,6035,2707,2012
"Hilo, HI Micro Area",75768,2532,8132,13225,14646,8282,2554,9583,2075,2172,4546,4553,3468,2012
"Hilton Head Island-Beaufort, SC Micro Area",77954,2926,9283,14724,13686,13782,3211,9431,2525,1333,3425,2499,1129,2012
"Hinesville-Fort Stewart, GA Metro Area",34075,2197,3709,7535,6948,3697,1350,2890,435,600,3144,1307,263,2012
"Hobbs, NM Micro Area",27576,1770,4655,8462,4911,2585,1393,1327,202,219,315,763,974,2012
"Holland-Grand Haven, MI Metro Area",123553,6448,15959,23724,23768,18420,8171,12679,3662,2836,3888,2266,1732,2012
"Homosassa Springs, FL Micro Area",40421,836,3376,5872,9959,5748,1481,5309,595,1040,2341,2347,1517,2012
"Honolulu, HI Metro Area",464452,8600,38237,55362,66193,73917,23956,84399,11392,20484,41177,30854,9881,2012
"Hot Springs, AR Metro Area",38040,1367,5999,8504,7117,6027,2157,2646,693,383,1199,1278,670,2012
"Houma-Bayou Cane-Thibodaux, LA Metro Area",87299,3287,13165,16025,14533,8825,3461,9533,2295,2931,6196,3215,3833,2012
"Houston-Sugar Land-Baytown, TX Metro Area",2738015,52318,187955,304454,372863,393341,162028,488722,88128,127514,290718,209946,60028,2012
"Huntington-Ashland, WV-KY-OH Metro Area",108379,4233,13747,19090,16390,17299,8704,11017,3506,3955,5842,2657,1939,2012
"Huntsville, AL Metro Area",192828,3743,18415,30391,37429,36555,16009,25296,4304,4820,9659,3800,2407,2012
"Huntsville, TX Micro Area",20440,300,2047,3349,4710,2942,1385,1651,1286,211,1257,937,365,2012
"Hutchinson, KS Micro Area",27091,1764,5625,7704,5087,1874,1035,1354,119,851,612,221,845,2012
"Idaho Falls, ID Metro Area",55668,2625,11223,13376,10917,5591,2648,3698,719,540,1268,1869,1194,2012
"Indiana, PA Micro Area",36331,2749,4967,6671,5122,3890,1940,5042,787,1258,1321,1678,906,2012
"Indianapolis-Carmel, IN Metro Area",819366,21923,68939,98106,129163,141363,62608,131128,31239,36071,57814,26649,14363,2012
"Iowa City, IA Metro Area",84576,4953,11448,16871,17057,12074,5281,8602,1667,2125,2496,621,1381,2012
"Ithaca, NY Metro Area",42849,1770,6673,8801,9039,7413,3194,2417,357,466,1460,720,539,2012
"Jackson, MI Metro Area",61567,2740,6905,9686,11943,9187,3715,6021,1192,2785,3982,2361,1050,2012
"Jackson, MS Metro Area",226932,5937,18333,28280,40689,40924,19165,42460,5395,6113,11492,5481,2663,2012
"Jackson, TN Metro Area",46998,1056,6150,11283,9917,6535,1702,4643,835,1670,1221,1363,623,2012
"Jacksonville, FL Metro Area",577547,11534,41286,78789,97303,97848,43411,90328,18509,22432,44592,21610,9905,2012
"Jacksonville, NC Metro Area",77979,4687,8371,10820,14042,9356,4046,8344,1851,2150,6959,4994,2359,2012
"Jamestown-Dunkirk-Fredonia, NY Micro Area",54341,3958,10594,13129,8300,5799,2184,3823,802,1554,2000,1253,945,2012
"Janesville, WI Metro Area",67616,2577,9806,12428,9796,9310,3479,6532,2499,1589,5801,2631,1168,2012
"Jefferson City, MO Metro Area",65153,3883,10214,12611,11366,9099,3550,6257,2101,1537,2645,911,979,2012
"Johnson City, TN Metro Area",83524,2454,9378,12991,18562,12519,5761,10057,2012,1567,3938,2226,2059,2012
"Johnstown, PA Metro Area",55867,2041,7721,10034,9928,7622,2748,5914,1502,1923,3105,1840,1489,2012
"Jonesboro, AR Metro Area",51737,2646,8722,11518,10009,7210,2286,3755,790,594,1884,1170,1153,2012
"Joplin, MO Metro Area",74956,3203,12396,14276,13536,10316,5312,8613,1002,1604,2740,889,1069,2012
"Kahului-Wailuku, HI Micro Area",71476,2924,11337,14988,11169,7029,3449,7762,2186,2555,5391,1768,918,2012
"Kalamazoo-Portage, MI Metro Area",142033,5583,17229,26390,28585,23625,9630,14858,3168,2934,4650,3292,2089,2012
"Kalispell, MT Micro Area",36536,1758,7031,7293,6391,5982,1641,2984,265,864,1061,706,560,2012
"Kankakee-Bradley, IL Metro Area",47970,1950,7414,8826,7456,6192,1785,4355,1139,1216,3507,2708,1422,2012
"Kansas City, MO-KS Metro Area",950490,25973,100575,134683,162613,162114,76035,139982,29986,31723,54188,21033,11585,2012
"Kapaa, HI Micro Area",29106,801,4661,5311,3700,4378,1016,4233,639,784,2068,1240,275,2012
"Keene, NH Micro Area",36370,1500,5151,7354,5911,4949,2051,3895,877,936,1395,1274,1077,2012
"Kennewick-Pasco-Richland, WA Metro Area",112321,4575,13082,19111,27665,19119,5310,10154,1895,1967,5900,2409,1134,2012
"Key West, FL Micro Area",36188,1350,6814,6797,8184,3906,1137,3197,1283,445,1496,968,611,2012
"Killeen-Temple-Fort Hood, TX Metro Area",175366,6771,25232,36460,35164,23356,6871,18453,3800,3881,6818,5212,3348,2012
"Kingsport-Bristol-Bristol, TN-VA Metro Area",121690,4697,12827,21092,22852,19777,5326,15086,3423,3412,7691,3448,2059,2012
"Kingston, NY Metro Area",76199,2779,8308,10046,10123,11426,4588,8972,2916,4291,5378,4326,3046,2012
"Klamath Falls, OR Micro Area",23802,1453,3435,5594,4743,2500,1458,1894,284,103,915,679,744,2012
"Knoxville, TN Metro Area",303424,5134,26230,47387,58078,59245,21993,42024,7854,10352,14523,6621,3983,2012
"Kokomo, IN Metro Area",38369,2344,7290,8100,6559,3512,1659,2455,491,902,2570,2022,465,2012
"La Crosse, WI-MN Metro Area",67507,3280,11838,13131,15645,8801,3945,4656,894,1781,1778,983,775,2012
"Lafayette, IN Metro Area",93825,3516,12928,20452,23489,12317,4353,7161,1696,1501,2726,2348,1338,2012
"Lafayette, LA Metro Area",130691,7671,14556,19702,25461,22770,9227,13321,2100,2111,4942,3674,5156,2012
"LaGrange, GA Micro Area",26786,883,2477,4847,5929,6214,491,1603,504,324,2246,589,679,2012
"Lake Charles, LA Metro Area",83783,2779,11281,14970,19421,10945,5611,8993,1245,1300,2609,2615,2014,2012
"Lake City, FL Micro Area",22209,372,1573,5102,3192,3937,1645,2013,243,706,2200,864,362,2012
"Lake Havasu City-Kingman, AZ Metro Area",58671,2933,12447,12621,11156,8158,2493,2627,634,475,1752,2377,998,2012
"Lakeland-Winter Haven, FL Metro Area",220595,4252,17974,29049,39802,37408,13330,28164,6739,7646,18763,12704,4764,2012
"Lancaster, PA Metro Area",233117,9217,25519,41980,41167,37136,16274,25409,6787,6197,10350,8913,4168,2012
"Lancaster, SC Micro Area",28127,651,3515,4363,3719,2230,1243,4315,1002,832,3323,1852,1082,2012
"Lansing-East Lansing, MI Metro Area",200937,7581,23932,35559,41057,35195,12439,21015,3904,3626,6283,6016,4330,2012
"Laredo, TX Metro Area",89578,2140,8583,17310,21695,14129,4481,11339,678,1392,2768,2795,2268,2012
"Las Cruces, NM Metro Area",84113,3630,9423,15016,20701,11852,4690,8526,1352,963,4627,2201,1132,2012
"Las Vegas-Paradise, NV Metro Area",858148,15016,56228,98940,149696,177667,76652,165735,21359,23854,33886,24042,15073,2012
"Laurel, MS Micro Area",31735,394,3274,4355,7958,3758,808,6860,563,529,1481,954,801,2012
"Lawrence, KS Metro Area",57930,2623,8733,12070,9884,4798,3532,4638,3320,2398,4205,1346,383,2012
"Lawton, OK Metro Area",54125,4806,8260,10801,11933,7679,2635,5304,231,159,1112,712,493,2012
"Lebanon, NH-VT Micro Area",79911,6218,11170,13008,11672,10496,3893,9498,2181,2348,4747,3199,1481,2012
"Lebanon, PA Metro Area",61241,3098,7726,10535,10596,8320,2845,6847,1141,1960,4627,2512,1034,2012
"Lewiston, ID-WA Metro Area",25677,1673,4592,6311,6077,3097,629,1236,159,250,903,335,415,2012
"Lewiston-Auburn, ME Metro Area",50664,2615,7674,9682,6142,6109,3134,4243,1180,3052,3657,2335,841,2012
"Lexington-Fayette, KY Metro Area",229364,7496,28961,37078,46194,43594,12913,26869,3927,5702,9500,3915,3215,2012
"Lexington Park, MD Micro Area",54658,1091,5139,7586,8944,8288,2449,7841,1072,1032,2556,4972,3688,2012
"Lima, OH Metro Area",44802,2780,6903,8602,8041,6926,3171,3232,1199,538,1068,1192,1150,2012
"Lincoln, NE Metro Area",156898,6106,19566,34555,34989,30342,8382,10741,1558,1510,3916,3689,1544,2012
"Lincolnton, NC Micro Area",34538,1198,2927,3497,4066,3975,2554,5629,1706,1699,4897,1733,657,2012
"Little Rock-North Little Rock-Conway, AR Metro Area",319159,10700,32733,48358,56038,54721,17357,49060,9227,8086,19801,9052,4026,2012
"Logan, UT-ID Metro Area",55822,3667,11934,14340,9171,6086,2393,3351,408,582,999,1914,977,2012
"Longview, TX Metro Area",88546,4171,12499,14420,16856,12510,3910,10873,1311,2159,4774,2301,2762,2012
"Longview, WA Metro Area",36468,1934,4261,8406,7109,5066,1457,2920,543,299,1890,1926,657,2012
"Los Angeles-Long Beach-Santa Ana, CA Metro Area",5551323,72107,372041,652715,807168,823755,309976,986123,139073,259640,501435,458883,168407,2012
"Louisville/Jefferson County, KY-IN Metro Area",579424,15303,49113,74514,101610,101584,50783,87363,17199,21200,36642,15564,8549,2012
"Lubbock, TX Metro Area",133559,5427,20747,33030,38950,16625,2819,7893,1379,923,2906,1820,1040,2012
"Lufkin, TX Micro Area",32317,2091,5647,8071,6603,4243,1973,2141,50,234,765,264,235,2012
"Lumberton, NC Micro Area",48048,1356,4292,6793,8900,8447,2655,7885,1557,1384,2016,1292,1471,2012
"Lynchburg, VA Metro Area",109306,2487,12327,20803,19698,17176,5501,13900,3270,2426,5985,3352,2381,2012
"Macon, GA Metro Area",91773,2619,9618,13426,20431,14535,5120,10998,2832,2870,4938,1970,2416,2012
"Madera-Chowchilla, CA Metro Area",38582,1279,5174,7614,5169,5508,976,5491,670,1426,2233,1889,1153,2012
"Madison, WI Metro Area",305390,11612,36016,51507,55274,51635,24910,32728,9824,7510,12642,7372,4360,2012
"Manchester-Nashua, NH Metro Area",197515,4101,17699,32096,31933,27347,11713,23784,7598,7693,16089,12194,5268,2012
"Manhattan, KS Metro Area",66108,2438,9950,15995,13244,10855,3110,5691,1163,779,1347,860,676,2012
"Manitowoc, WI Micro Area",38591,2820,6527,8365,6593,4815,2049,2536,696,845,1679,1031,635,2012
"Mankato-North Mankato, MN Metro Area",50716,2536,10221,14401,9713,5644,1628,2792,424,313,1148,1014,882,2012
"Mansfield, OH Metro Area",47925,1711,7777,9966,9594,7300,3005,3038,641,674,1434,1670,1115,2012
"Marinette, WI-MI Micro Area",26778,2493,4697,5203,4327,2779,1027,2192,500,464,1579,960,557,2012
"Marion, IN Micro Area",27553,2970,5887,5050,4597,3386,985,1867,251,313,815,714,718,2012
"Marion, OH Micro Area",24934,999,3809,5512,4004,2649,1043,1542,941,475,2506,1034,420,2012
"Marion-Herrin, IL Micro Area",27915,1001,3473,3999,5950,4420,2028,3074,322,556,1202,1642,248,2012
"Marquette, MI Micro Area",28851,1076,7109,5052,5032,3415,2194,2615,390,463,567,310,628,2012
"Marshall, TX Micro Area",28220,1622,3458,5363,3873,2899,1492,3286,1140,687,2879,1064,457,2012
"Marshfield-Wisconsin Rapids, WI Micro Area",35026,1809,8629,7708,4864,3861,1315,2736,439,675,2085,521,384,2012
"Martinsville, VA Micro Area",24588,397,2284,3930,3664,3906,2951,2578,541,468,2091,944,834,2012
"Mayagüez, PR Metro Area",25233,598,2765,4555,3974,5565,1138,3800,310,340,1183,861,144,2012
"McAllen-Edinburg-Mission, TX Metro Area",269116,7652,32316,47213,52952,44681,18577,38903,4524,4282,6813,5609,5594,2012
"Meadville, PA Micro Area",35515,2300,5954,6196,5196,4071,1911,2877,740,1319,2415,1728,808,2012
"Medford, OR Metro Area",78157,3917,13251,15034,16756,11236,4391,5445,970,2678,2106,999,1374,2012
"Memphis, TN-MS-AR Metro Area",562090,11980,47546,76755,86419,100236,46419,99060,17540,21784,35583,12216,6552,2012
"Merced, CA Metro Area",89914,4306,12083,16133,14703,10122,3063,9161,1322,1724,6531,5009,5757,2012
"Meridian, MS Micro Area",39853,1722,4518,6310,7793,7756,1702,4481,920,660,1773,1230,988,2012
"Miami-Fort Lauderdale-Pompano Beach, FL Metro Area",2456010,33366,143050,271458,337186,404421,151931,483033,89618,118222,223947,148830,50948,2012
"Michigan City-La Porte, IN Metro Area",43833,1701,7051,8242,5332,4937,2664,3900,1079,1459,4107,2235,1126,2012
"Midland, MI Micro Area",35214,1219,3355,8725,7932,4462,2387,3296,939,760,1387,406,346,2012
"Midland, TX Metro Area",70154,3231,8310,13533,16512,12841,3068,6276,1181,696,1681,1969,856,2012
"Milwaukee-Waukesha-West Allis, WI Metro Area",724795,17812,72650,106782,120309,131210,57441,102746,21043,25628,37326,20234,11614,2012
"Minneapolis-St. Paul-Bloomington, MN-WI Metro Area",1657563,37625,138314,214065,255972,285706,140917,245944,58065,68530,122023,67846,22556,2012
"Minot, ND Micro Area",38899,3442,8940,8292,7680,4217,1042,2103,303,301,1200,860,519,2012
"Missoula, MT Metro Area",54943,2687,8862,13665,14064,8007,1585,2496,579,970,868,507,653,2012
"Mobile, AL Metro Area",158668,3465,12389,24781,28047,29469,9408,24878,3574,4335,10745,4663,2914,2012
"Modesto, CA Metro Area",187749,5473,24582,27906,32397,25289,9112,21000,3947,5909,9525,10610,11999,2012
"Monroe, LA Metro Area",70183,1424,10110,17263,11362,10419,2979,9551,650,796,2251,1247,2131,2012
"Monroe, MI Metro Area",65347,2945,6508,8920,9390,10063,4151,9180,3420,2932,5053,2222,563,2012
"Montgomery, AL Metro Area",155503,3491,13406,21275,29612,30235,10707,22888,4162,4410,10176,3259,1882,2012
"Morehead City, NC Micro Area",29926,1635,3337,4951,3941,4067,1771,4250,1009,766,2253,1071,875,2012
"Morgantown, WV Metro Area",57663,1611,6566,10246,11105,9592,3606,6035,688,1184,3411,2575,1044,2012
"Morristown, TN Metro Area",52687,990,4719,7509,10051,8618,2006,5666,1908,1560,5320,3367,973,2012
"Moses Lake, WA Micro Area",34246,2364,7644,4616,4700,4466,1140,4945,660,373,1825,1002,511,2012
"Mount Airy, NC Micro Area",28518,1404,2851,4530,6393,4224,1372,2013,488,980,2111,1540,612,2012
"Mount Pleasant, MI Micro Area",29178,1458,6855,7373,4180,3151,1248,1624,378,633,972,546,760,2012
"Mount Vernon-Anacortes, WA Metro Area",47699,1173,5337,8257,9710,6417,2247,4963,984,1211,2774,2846,1780,2012
"Muncie, IN Metro Area",46721,1633,7108,10403,8927,5509,3185,3233,395,1047,2244,2381,656,2012
"Muskegon-Norton Shores, MI Metro Area",65849,2240,9006,13241,12212,9842,3699,4371,1973,1480,4096,2170,1519,2012
"Muskogee, OK Micro Area",26065,719,5142,6631,3742,2418,974,2164,627,426,1587,1403,232,2012
"Myrtle Beach-North Myrtle Beach-Conway, SC Metro Area",117502,2957,11178,19152,22825,22131,8128,16728,1992,2575,5877,2323,1636,2012
"Nacogdoches, TX Micro Area",26232,1536,6702,5925,3543,2269,803,3654,366,147,422,321,544,2012
"Napa, CA Metro Area",63328,2606,8156,11384,10283,9244,1832,7942,1139,1426,4183,3190,1943,2012
"Naples-Marco Island, FL Metro Area",121731,2631,11900,15570,22474,20894,7213,18983,1474,4446,8188,6075,1883,2012
"Nashville-Davidson--Murfreesboro--Franklin, TN Metro Area",749125,15424,56419,98351,115632,117286,50806,120021,26588,29248,70978,35325,13047,2012
"New Bern, NC Micro Area",52582,2847,6568,10524,9711,5931,2736,5542,1561,1846,2493,2054,769,2012
"New Castle, PA Micro Area",37611,2352,4293,7331,5904,4891,2594,3532,732,967,2846,1662,507,2012
"New Haven-Milford, CT Metro Area",388666,9327,35691,64982,64698,64648,23028,59307,10529,11509,20308,16247,8392,2012
"New Iberia, LA Micro Area",30183,1047,4794,6233,5896,3091,1122,2767,533,711,1047,1191,1751,2012
"New Orleans-Metairie-Kenner, LA Metro Area",519728,16135,46597,72013,81318,82755,30836,79427,14083,15036,40999,29788,10741,2012
"New Philadelphia-Dover, OH Micro Area",40011,2777,5865,6682,6860,4826,2711,4031,1172,1351,2244,1025,467,2012
"New York-Northern New Jersey-Long Island, NY-NJ-PA Metro Area",8458242,143520,499064,791299,867042,996884,415195,1292252,250557,479502,1025408,1183308,514211,2012
"Niles-Benton Harbor, MI Metro Area",63189,2286,8988,13081,12030,11361,2597,4425,1312,1518,3018,1341,1232,2012
"North Port-Bradenton-Sarasota, FL Metro Area",270141,6129,24193,39394,44309,50717,17177,46291,4966,9374,16596,6964,4031,2012
"North Wilkesboro, NC Micro Area",27020,615,2960,4112,4518,4718,1187,3269,860,762,2061,1235,723,2012
"Norwich-New London, CT Metro Area",131643,4372,19841,20569,22123,23642,8342,12239,2567,2952,7338,6079,1579,2012
"Oak Harbor, WA Micro Area",32411,702,3823,5912,5663,2648,716,2599,889,1317,2735,2761,2646,2012
"Ocala, FL Metro Area",107300,2824,7632,16276,19284,20509,6656,13993,2139,3345,7365,6199,1078,2012
"Ocean City, NJ Metro Area",41689,3305,5374,6465,8733,5233,2780,3460,763,976,2277,1290,1033,2012
"Odessa, TX Metro Area",65354,2842,7024,15656,13021,10706,1771,7057,223,466,1806,2036,2746,2012
"Ogden-Clearfield, UT Metro Area",247595,8031,30232,40267,42370,41932,13417,30671,5309,7758,15441,8439,3728,2012
"Ogdensburg-Massena, NY Micro Area",41180,3125,7370,8625,4862,4651,2507,3719,533,1246,2295,1403,844,2012
"Oklahoma City, OK Metro Area",588529,18131,63517,92643,103399,107702,44773,82629,13877,14556,27898,11086,8318,2012
"Olean, NY Micro Area",32930,2983,6394,4454,4355,4149,1876,2833,820,1191,1823,1241,811,2012
"Olympia, WA Metro Area",113257,4099,10971,16478,21297,17497,5438,15966,2240,4662,6193,5876,2540,2012
"Omaha-Council Bluffs, NE-IA Metro Area",431598,14567,47789,75560,86707,83884,32038,50694,8806,7488,13050,6555,4460,2012
"Opelousas-Eunice, LA Micro Area",31627,1588,5524,3928,3192,3394,1115,4899,1139,1851,1947,1804,1246,2012
"Orangeburg, SC Micro Area",32452,1680,3605,3848,4665,6332,1257,2890,998,799,3143,2112,1123,2012
"Orlando-Kissimmee-Sanford, FL Metro Area",966991,11510,59617,115562,147737,154698,78495,164348,34089,41490,92040,48133,19272,2012
"Oshkosh-Neenah, WI Metro Area",81276,3014,11281,18203,16489,12930,4955,7190,1508,1267,1738,1572,1129,2012
"Ottawa-Streator, IL Micro Area",67265,4386,13929,11953,7608,7255,3527,5400,1078,2223,4564,3726,1616,2012
"Owensboro, KY Metro Area",49350,2438,7536,10438,10241,6030,1945,3887,502,1271,2900,1300,862,2012
"Owosso, MI Micro Area",26279,1406,2800,2986,2577,2920,2143,3820,795,1763,2572,1629,868,2012
"Oxnard-Thousand Oaks-Ventura, CA Metro Area",365557,9671,40311,59279,57674,62124,17321,48039,7182,14063,19532,19527,10834,2012
"Paducah, KY-IL Micro Area",39994,1304,6031,8023,9054,4936,2690,3251,788,539,2004,715,659,2012
"Palatka, FL Micro Area",23007,599,2683,3495,3077,2479,1057,1151,686,1135,5115,1030,500,2012
"Palm Bay-Melbourne-Titusville, FL Metro Area",207903,6534,21470,29645,41091,33938,14626,26783,3825,6467,10863,7182,5479,2012
"Palm Coast, FL Metro Area",31556,703,4701,5627,2878,2405,2686,4307,1427,994,2696,2400,732,2012
"Panama City-Lynn Haven-Panama City Beach, FL Metro Area",74240,1769,9376,10894,14120,12908,5042,11259,662,1027,2767,2429,1987,2012
"Parkersburg-Marietta-Vienna, WV-OH Metro Area",65934,3377,9447,12815,12091,8853,4399,7218,1582,1071,2426,1373,1282,2012
"Pascagoula, MS Metro Area",65142,1541,6739,8602,10104,10227,3976,11524,1363,2007,4517,3352,1190,2012
"Pendleton-Hermiston, OR Micro Area",34528,3806,5694,8387,4492,4226,1628,3022,704,733,659,904,273,2012
"Pensacola-Ferry Pass-Brent, FL Metro Area",190595,3775,15854,29043,37468,32351,13648,25353,4088,6584,11345,6073,5013,2012
"Peoria, IL Metro Area",172237,7318,22107,26166,32632,31549,13096,17941,3684,4911,5914,4612,2307,2012
"Philadelphia-Camden-Wilmington, PA-NJ-DE-MD Metro Area",2629000,62516,205064,322805,354376,372262,163988,391962,83592,127156,280381,189731,75167,2012
"Phoenix-Mesa-Glendale, AZ Metro Area",1771920,36884,134013,228190,257825,286865,125021,302418,55042,86187,153888,78675,26912,2012
"Pine Bluff, AR Metro Area",33692,1295,4121,5624,7824,4196,2195,3064,336,1419,1777,1156,685,2012
"Pittsburgh, PA Metro Area",1074950,33502,98418,145154,148691,158366,73335,150909,34033,50764,94300,64940,22538,2012
"Pittsfield, MA Metro Area",56944,3083,8643,12050,9307,7858,3426,4270,773,1400,2850,2036,1248,2012
"Plattsburgh, NY Micro Area",34819,1588,5255,7265,6299,5372,2100,2286,685,746,1373,1355,495,2012
"Pocatello, ID Metro Area",39029,2130,8471,10648,7310,3722,1246,1564,182,327,1227,1111,1091,2012
"Ponce, PR Metro Area",61416,492,6086,9246,12215,12607,1674,9242,992,2297,2817,2399,1349,2012
"Port Angeles, WA Micro Area",24718,1802,4297,5382,3898,3330,1216,2372,82,241,649,695,754,2012
"Portland-South Portland-Biddeford, ME Metro Area",251890,9219,31286,38454,34702,38322,17462,30072,7563,10702,17243,12136,4729,2012
"Portland-Vancouver-Hillsboro, OR-WA Metro Area",1007937,27659,90047,134801,158103,165686,69938,147834,31637,39675,82231,42355,17971,2012
"Port St. Lucie, FL Metro Area",151354,4604,12613,20320,21658,30854,8157,18671,4079,6622,10709,8984,4083,2012
"Portsmouth, OH Micro Area",26518,2146,3303,3746,3305,4262,1297,3054,473,854,1822,1102,1154,2012
"Pottsville, PA Micro Area",62158,3150,8215,9690,8177,9476,2830,5197,1233,2636,4889,4830,1835,2012
"Poughkeepsie-Newburgh-Middletown, NY Metro Area",290013,8751,30449,41422,37487,32539,14370,28568,8274,10304,23996,31313,22540,2012
"Prescott, AZ Metro Area",75071,4440,11354,14714,10098,8919,5580,8139,1434,1703,4657,1937,2096,2012
"Providence-New Bedford-Fall River, RI-MA Metro Area",734669,21148,71958,109112,118059,114347,48896,89597,18825,27580,54882,40992,19273,2012
"Provo-Orem, UT Metro Area",225725,9269,33819,40649,37610,32212,13520,22672,5156,5196,11733,9517,4372,2012
"Pueblo, CO Metro Area",62934,2288,10463,11829,12926,8995,2717,4952,1143,1094,3567,1728,1232,2012
"Punta Gorda, FL Metro Area",50816,1505,7042,9154,9653,8862,1914,3653,763,967,4128,1475,1700,2012
"Quincy, IL-MO Micro Area",35742,1322,7120,8785,6672,4247,1797,3098,668,517,891,315,310,2012
"Racine, WI Metro Area",84319,3128,11289,14729,12950,10811,5792,7388,2546,3384,7587,3395,1320,2012
"Raleigh-Cary, NC Metro Area",541564,11564,43824,72142,90737,97916,41796,76095,20108,21115,39482,18949,7836,2012
"Rapid City, SD Metro Area",62719,2929,10663,13000,13639,10664,1736,5314,685,1246,959,1033,851,2012
"Reading, PA Metro Area",183764,7365,18769,26858,32165,27200,11603,19861,5320,5793,13604,11014,4212,2012
"Redding, CA Metro Area",65249,2042,10684,15974,15954,7894,2135,4116,697,598,1384,1981,1790,2012
"Reno-Sparks, NV Metro Area",192829,6731,16421,32847,44175,34342,12302,19738,3375,4180,8346,6489,3883,2012
"Richmond, IN Micro Area",27008,873,4322,6330,6453,3053,1071,1566,160,542,748,1155,735,2012
"Richmond, VA Metro Area",580063,9459,46620,76560,97579,106843,51231,86007,19941,18689,36721,16895,13518,2012
"Richmond-Berea, KY Micro Area",42804,2972,6614,6279,7321,5276,2553,3520,1996,1264,2798,1761,450,2012
"Riverside-San Bernardino-Ontario, CA Metro Area",1581538,35352,127556,211113,222555,210626,82688,199646,37255,54774,141366,167266,91341,2012
"Roanoke, VA Metro Area",137269,3447,14347,25028,25944,25409,9127,16143,2798,3706,5109,4980,1231,2012
"Roanoke Rapids, NC Micro Area",24962,1132,3336,3633,4709,2684,1873,2494,1082,500,1830,1033,656,2012
"Rochester, MN Metro Area",96072,4428,13829,23598,20049,13165,4907,7051,1215,1405,3219,1609,1597,2012
"Rochester, NY Metro Area",478050,20087,57840,76384,90292,86536,36945,51492,9227,11324,20285,11273,6365,2012
"Rockford, IL Metro Area",147497,4230,16814,25367,26266,25860,11531,14580,3894,2901,5190,7556,3308,2012
"Rocky Mount, NC Metro Area",57184,2153,7052,11427,9949,9080,3980,6901,1617,922,2217,1303,583,2012
"Rome, GA Metro Area",36411,1178,4370,7465,7695,4907,1721,4206,133,517,2002,1251,966,2012
"Roseburg, OR Micro Area",35550,2740,7108,6911,4690,4589,1994,3281,474,592,1186,955,1030,2012
"Roswell, NM Micro Area",24712,1361,4294,6701,4634,3163,775,1302,423,377,658,504,520,2012
"Russellville, AR Micro Area",37476,2111,7059,8165,6157,4999,2020,3249,547,608,1304,643,614,2012
"Sacramento--Arden-Arcade--Roseville, CA Metro Area",866553,25354,79681,125185,141170,134196,60401,128903,25295,29822,58321,32060,26165,2012
"Saginaw-Saginaw Township North, MI Metro Area",73643,2600,9337,12917,12507,12625,5118,7963,1959,1922,2926,2076,1693,2012
"St. Cloud, MN Metro Area",94651,4621,14124,18677,18244,12795,4878,8227,1885,1949,3425,4182,1644,2012
"St. George, UT Metro Area",50817,3347,10211,11126,9251,5561,1672,4320,32,687,1556,867,2187,2012
"St. Joseph, MO-KS Metro Area",56359,1373,8798,15162,12861,6827,1804,3178,792,781,1669,2356,758,2012
"St. Louis, MO-IL Metro Area",1263271,31420,112463,161811,191043,207669,92128,193133,48849,56705,93348,52760,21942,2012
"Salem, OR Metro Area",151470,7998,17467,25363,27660,22704,7602,15355,4359,4815,8034,6470,3643,2012
"Salinas, CA Metro Area",174116,3788,18115,28636,31868,28528,9633,26911,3572,6476,6929,6649,3011,2012
