Metro Area,Total,Less than 5 minutes,5 to 9 minutes,10 to 14 minutes,15 to 19 minutes,20 to 24 minutes,25 to 29 minutes,30 to 34 minutes,35 to 39 minutes,40 to 44 minutes,45 to 59 minutes,60 to 89 minutes,90 or more minutes,Year
"Springfield, OH Metro Area",57287,3095,7509,9962,9059,8389,3013,6814,2213,1328,3097,1856,952,2017
"State College, PA Metro Area",71291,3508,8234,13325,14769,10420,3869,8034,2439,1074,3089,1444,1086,2017
"Statesboro, GA Micro Area",31746,1062,4337,8708,5033,2223,1196,3249,843,697,2312,1311,775,2017
"Staunton-Waynesboro, VA Metro Area",53358,3490,4933,5951,7966,6894,5009,8683,1874,2084,4459,1160,855,2017
"Stevens Point, WI Micro Area",35104,1360,5129,9267,6760,4503,1666,1855,856,791,1216,1464,237,2017
"Stillwater, OK Micro Area",34001,2413,6998,9357,5088,2206,367,2640,434,566,1129,1563,1240,2017
"Stockton-Lodi, CA Metro Area",292240,7265,26420,38086,47284,39675,13868,29625,6526,7907,17304,30124,28156,2017
"Sumter, SC Metro Area",45923,1725,5153,11471,7523,7872,2058,2271,1029,613,2379,3010,819,2017
"Syracuse, NY Metro Area",288099,10949,31965,49851,55617,50368,21245,29065,7111,8958,13750,5714,3506,2017
"Talladega-Sylacauga, AL Micro Area",32902,2177,4774,3957,4488,5291,1528,4428,855,590,1768,2029,1017,2017
"Tallahassee, FL Metro Area",172568,2972,15775,22244,33726,31004,14121,26367,3677,6128,9827,4104,2623,2017
"Tampa-St. Petersburg-Clearwater, FL Metro Area",1299297,26481,93015,154417,192908,196458,82572,203648,43554,61140,130055,85693,29356,2017
"Terre Haute, IN Metro Area",72883,3259,10431,13920,12916,9924,5226,7008,1726,2144,3374,2009,946,2017
"Texarkana, TX-AR Metro Area",59572,2558,9362,16179,10728,8658,1988,5272,737,1295,1462,884,449,2017
"The Villages, FL Metro Area",20640,805,2122,2949,4421,2903,696,2130,160,1043,1057,1609,745,2017
"Toledo, OH Metro Area",272814,10888,35665,46118,53439,46753,20644,27835,5814,4475,10724,6547,3912,2017
"Topeka, KS Metro Area",105980,2748,13208,19616,31973,12998,4759,8646,2176,2622,3413,2639,1182,2017
"Torrington, CT Micro Area",90174,4686,9937,10729,12072,11990,5683,10523,2344,4534,8270,6272,3134,2017
"Traverse City, MI Micro Area",64852,2063,7797,10489,13775,8522,5874,6809,1680,1606,3845,893,1499,2017
"Trenton, NJ Metro Area",170211,3944,16910,24898,27225,28341,8767,17917,4039,3887,12301,10691,11291,2017
"Truckee-Grass Valley, CA Micro Area",41693,3051,6630,6349,6077,5096,2054,3768,845,831,2402,2180,2410,2017
"Tucson, AZ Metro Area",412496,8335,35793,50259,65735,66203,34634,70475,15138,17395,31324,11105,6100,2017
"Tullahoma-Manchester, TN Micro Area",43524,2851,5279,6751,6957,5295,3326,5133,678,1716,3262,1438,838,2017
"Tulsa, OK Metro Area",435100,10600,46475,70838,79135,85369,32546,58839,9524,9730,18673,8167,5204,2017
"Tupelo, MS Micro Area",61365,1397,4528,11925,11439,11067,4913,9201,1931,867,2345,982,770,2017
"Tyler, TX Metro Area",94162,2143,9375,14332,16973,18630,6706,10779,1672,2257,4206,4519,2570,2017
"Ukiah, CA Micro Area",34664,1988,6751,7833,7086,3331,910,2228,875,211,1102,1183,1166,2017
"Urban Honolulu, HI Metro Area",480689,6518,38121,58072,65418,71495,25105,82540,11001,19601,48034,39701,15083,2017
"Utica-Rome, NY Metro Area",120293,7738,17811,23760,19836,17152,6196,11204,2255,3494,6589,2880,1378,2017
"Valdosta, GA Metro Area",59645,2087,6989,12107,11816,11109,3989,4776,878,873,2465,1280,1276,2017
"Vallejo-Fairfield, CA Metro Area",195033,4018,17523,28823,27525,18592,7690,21119,5641,8821,17916,22678,14687,2017
"Victoria, TX Metro Area",43701,1074,7725,11667,6718,4489,1493,3474,933,1222,2475,1672,759,2017
"Vineland-Bridgeton, NJ Metro Area",60107,1907,6688,10751,11385,8020,3444,4700,1115,1555,5751,3908,883,2017
"Virginia Beach-Norfolk-Newport News, VA-NC Metro Area",830413,25639,71874,113471,144872,135884,62556,120125,20925,29173,59615,32055,14224,2017
"Visalia-Porterville, CA Metro Area",169979,6381,22626,33542,29092,24162,9706,18665,3562,3954,10601,5674,2014,2017
"Waco, TX Metro Area",115773,3614,16407,21734,28041,17195,4889,12199,2478,1352,2312,3016,2536,2017
"Tuscaloosa, AL Metro Area",100432,1812,10423,15857,20292,20284,4536,10278,1564,2360,6132,4939,1955,2017
"Twin Falls, ID Micro Area",48847,2085,11239,9926,9038,5832,1786,4460,645,989,1133,930,784,2017
"Walla Walla, WA Metro Area",26740,1903,7195,5664,4010,2233,539,1475,247,278,979,1846,371,2017
"Warner Robins, GA Metro Area",84298,1514,8518,11005,19388,13756,6782,14693,1618,1164,2630,1593,1637,2017
"Warsaw, IN Micro Area",36724,1118,5488,8733,5973,4205,3646,3102,856,640,1518,1029,416,2017
"Washington-Arlington-Alexandria, DC-VA-MD-WV Metro Area",3123186,35985,147596,253364,341574,358394,187247,475592,137352,190337,449549,397825,148371,2017
"Waterloo-Cedar Falls, IA Metro Area",83207,4737,15144,20365,18205,11656,2878,4441,839,680,1932,1153,1177,2017
"Watertown-Fort Atkinson, WI Micro Area",44181,3039,6366,5721,4542,4860,3079,5249,1028,2125,5370,2244,558,2017
"Watertown-Fort Drum, NY Metro Area",47089,3237,8860,9266,9646,6336,2286,3558,829,895,836,804,536,2017
"Wausau, WI Metro Area",66424,3177,9370,15276,15128,10619,3021,4384,1101,975,1703,535,1135,2017
"Weirton-Steubenville, WV-OH Metro Area",49106,2447,5319,8785,8196,4222,3942,4851,1383,2265,3698,2813,1185,2017
"Wenatchee, WA Metro Area",49830,1689,7209,11275,11307,8143,2310,2526,816,855,1772,1083,845,2017
"Wheeling, WV-OH Metro Area",58449,1856,7306,8760,10933,7584,2921,6315,1958,1876,5404,2392,1144,2017
"Whitewater-Elkhorn, WI Micro Area",52124,3004,6343,8564,8221,6839,2298,3990,2127,2209,4891,2830,808,2017
"Wichita, KS Metro Area",295640,13246,38911,52679,56283,55878,20053,32996,5214,5901,7112,4400,2967,2017
"Wichita Falls, TX Metro Area",66204,3137,12220,13476,18238,8643,2490,4488,495,203,1170,1065,579,2017
"Williamsport, PA Metro Area",50388,2491,9503,8964,9240,6661,3004,4895,851,543,2443,684,1109,2017
"Wilmington, NC Metro Area",129172,4381,11771,20851,28160,23130,8751,13645,2954,3023,6509,3436,2561,2017
"Wilson, NC Micro Area",33802,1181,5874,6134,5580,4072,1261,3131,619,1541,2197,1783,429,2017
"Wisconsin Rapids-Marshfield, WI Micro Area",34188,2643,6592,6912,5244,3544,1414,2339,701,1033,2148,899,719,2017
"Wooster, OH Micro Area",50660,2511,8064,10111,7786,7894,3051,4248,1123,1066,2954,1309,543,2017
"Worcester, MA-CT Metro Area",434717,11930,41599,57635,57353,60162,27806,53807,14700,17732,41575,35423,14995,2017
"Yakima, WA Metro Area",95534,4665,14374,20173,18481,14983,6277,7947,1151,1587,3087,1740,1069,2017
"York-Hanover, PA Metro Area",212683,4365,22222,25364,31187,32250,16198,24024,6952,9576,19481,13242,7822,2017
"Youngstown-Warren-Boardman, OH-PA Metro Area",227870,8318,26399,38644,38546,36709,17079,22038,5381,5930,12442,11257,5127,2017
"Yuba City, CA Metro Area",67385,3322,5919,9976,9712,7178,2731,6983,1390,2703,9769,4982,2720,2017
"Yuma, AZ Metro Area",78733,4106,10780,16960,13228,9974,3932,10394,939,2737,1455,1556,2672,2017
"Zanesville, OH Micro Area",37060,1698,5110,5661,6142,5999,1694,2513,1369,678,2537,2632,1027,2017
"Winchester, VA-WV Metro Area",65446,2103,4343,10451,10583,7005,3030,6439,1170,2132,6341,6778,5071,2017
"Erie, PA Metro Area",117149,4649,16418,21858,22056,18678,8972,12711,1543,2925,3106,3046,1187,2017
"Eugene, OR Metro Area",159636,4865,18957,32684,36907,28890,8413,12778,1662,3274,3540,4098,3568,2017
"Eureka-Arcata-Fortuna, CA Micro Area",52788,4207,9366,10096,9455,8229,2481,3700,678,1070,1227,1207,1072,2017
"Evansville, IN-KY Metro Area",144395,3869,17861,23620,29695,23888,10431,15104,4228,3518,5638,4331,2212,2017
"Fairbanks, AK Metro Area",47707,1858,7701,9802,8335,5702,5034,4083,990,719,1925,766,792,2017
"Fargo, ND-MN Metro Area",134221,5151,21402,33359,36529,20646,3700,5791,1224,963,2219,1821,1416,2017
"Faribault-Northfield, MN Micro Area",28699,929,6020,4700,3237,2625,1531,2697,1812,869,2259,1615,405,2017
"Farmington, MO Micro Area",25282,685,5121,4672,5061,2820,757,1303,195,302,1229,1934,1203,2017
"Farmington, NM Metro Area",46097,1443,7160,6455,8447,6934,1640,5623,1265,794,2593,2456,1287,2017
"Fayetteville, NC Metro Area",165283,6563,17790,20982,33023,29013,12633,20614,3333,4168,7864,5200,4100,2017
"Fayetteville-Springdale-Rogers, AR-MO Metro Area",246499,6780,29383,45715,48322,34898,17098,30075,5581,9237,11409,5591,2410,2017
"Flagstaff, AZ Metro Area",62169,3699,12169,15069,14185,5100,1555,3645,908,501,2187,1338,1813,2017
"Flint, MI Metro Area",162018,4667,18554,23871,28687,25198,8441,14731,2980,5622,13294,12118,3855,2017
"Florence, SC Metro Area",82940,2057,11291,14736,16678,9891,4698,9707,1034,2908,4472,3012,2456,2017
"Florence-Muscle Shoals, AL Metro Area",60355,1717,7482,10748,10302,9560,3837,7071,649,1862,2639,2840,1648,2017
"Fond du Lac, WI Metro Area",51957,3178,9471,10502,8497,5336,3693,3605,1207,1830,2525,1566,547,2017
"Forest City, NC Micro Area",25294,1286,2844,3134,3858,4592,1235,1713,995,419,2228,1936,1054,2017
"Fort Collins, CO Metro Area",160029,3900,17054,29067,23780,28022,10874,16451,2722,4184,11220,9388,3367,2017
"Fort Payne, AL Micro Area",27696,1401,2636,4139,4577,3651,2091,2035,807,843,3246,1523,747,2017
"Fort Smith, AR-OK Metro Area",112276,5341,15642,21306,20977,18012,5469,9410,2532,2395,6230,3090,1872,2017
"Findlay, OH Micro Area",36268,2543,6565,10524,6321,3573,1532,1546,935,419,1475,706,129,2017
"Gallup, NM Micro Area",21384,1351,3606,4625,2511,2052,388,1761,598,705,1889,1467,431,2017
"Gettysburg, PA Metro Area",47544,1326,5548,7152,6071,6669,2716,4494,1199,2273,4684,2554,2858,2017
"Fort Wayne, IN Metro Area",199787,6709,22105,32622,36564,38292,15149,22248,4709,5193,7184,4950,4062,2017
"Frankfort, KY Micro Area",32445,403,5156,6239,5597,3046,2898,3090,749,1023,2374,1640,230,2017
"Fresno, CA Metro Area",382393,12236,38304,52445,70884,73463,30817,49684,6439,10098,16995,11258,9770,2017
"Gadsden, AL Metro Area",36233,255,4584,7167,7251,5610,1935,2692,1325,587,1979,1753,1095,2017
"Gainesville, FL Metro Area",124722,2415,8760,22495,22505,25812,8199,15266,2696,3911,6890,4159,1614,2017
"Gainesville, GA Metro Area",92273,1124,7706,14749,16350,13695,7092,13232,2912,1526,4873,6132,2882,2017
"Glens Falls, NY Metro Area",57893,3320,8017,8905,7343,6311,3424,7480,2457,2329,3932,3564,811,2017
"Glenwood Springs, CO Micro Area",38299,1638,5645,7632,4671,4965,1013,5655,485,1391,1276,2350,1578,2017
"Goldsboro, NC Metro Area",52971,2225,7505,8351,8838,8324,4637,4243,1814,962,3126,2181,765,2017
"Grand Forks, ND-MN Metro Area",50361,3481,12883,13148,8237,4168,1255,2395,879,718,1722,1090,385,2017
"Grand Island, NE Metro Area",42286,3371,9572,9164,7193,4108,1529,3136,608,1318,1092,753,442,2017
"Grand Junction, CO Metro Area",64129,1870,12467,14165,15542,10839,2492,2477,101,165,1913,1361,737,2017
"Kalamazoo-Portage, MI Metro Area",156770,4845,19066,25264,29338,27372,12886,14399,5185,4631,6450,5027,2307,2017
"Kalispell, MT Micro Area",44553,2464,7115,7053,7968,7780,1678,6241,950,683,1117,668,836,2017
"Kankakee, IL Metro Area",47265,1797,7884,7711,8515,4839,2213,4377,1473,1174,3512,2342,1428,2017
"Kansas City, MO-KS Metro Area",1015469,23432,100923,140897,174682,168500,82016,150227,32903,37846,68410,24548,11085,2017
"Kapaa, HI Micro Area",34128,1053,6287,4405,5632,3661,1889,5363,341,1215,2725,1551,6,2017
"Keene, NH Micro Area",36266,2507,5405,5792,4836,4938,1904,4550,983,1215,1661,1416,1059,2017
"Kennewick-Richland, WA Metro Area",122313,4968,12777,16213,28099,24126,8770,12103,1389,3743,5112,4080,933,2017
"Key West, FL Micro Area",38954,2757,8071,10088,6627,3238,1497,3463,498,278,1000,958,479,2017
"Killeen-Temple, TX Metro Area",187277,8472,26314,30658,41030,25922,8698,16207,3318,4088,8987,9429,4154,2017
"Kingsport-Bristol-Bristol, TN-VA Metro Area",120579,3298,13961,16357,21853,18336,10214,17551,2800,2970,7785,3408,2046,2017
"Kingston, NY Metro Area",79830,3848,8566,10869,11135,9167,4095,8439,2617,2396,9024,5957,3717,2017
"Klamath Falls, OR Micro Area",24976,1685,4718,7101,4855,2816,630,1443,170,643,505,372,38,2017
"Knoxville, TN Metro Area",383926,8791,33589,50927,67015,62864,33488,55173,10455,12989,28176,14226,6233,2017
"Grand Rapids-Wyoming, MI Metro Area",511111,17215,58574,85846,91834,90796,43539,56311,11896,13222,22667,12151,7060,2017
"Grants Pass, OR Metro Area",28430,1952,4996,4356,4708,3320,1339,2111,1154,1830,1329,558,777,2017
"Great Falls, MT Metro Area",36169,1214,7393,8576,8449,5103,870,1926,320,561,446,1140,171,2017
"Greeley, CO Metro Area",141709,3461,11178,19310,21012,19937,7587,19560,4737,6325,13876,11554,3172,2017
"Green Bay, WI Metro Area",157958,6677,21430,28960,35257,26034,9702,13318,3047,3263,5316,2357,2597,2017
"Greeneville, TN Micro Area",24558,882,2285,5522,3710,3410,1821,3312,397,672,1732,479,336,2017
"Greenfield Town, MA Micro Area",32270,1841,3530,4805,4377,4243,2486,3516,906,1161,2984,1811,610,2017
"Greensboro-High Point, NC Metro Area",336821,7631,32243,52972,65359,55684,27755,46210,10939,6274,15674,8907,7173,2017
"Greenville, NC Metro Area",79302,2266,8493,16528,13495,13031,4892,7357,2121,817,5107,3988,1207,2017
"Greenville-Anderson-Mauldin, SC Metro Area",397855,8951,35982,58810,74117,69537,28043,54648,11827,11295,27213,11756,5676,2017
"Greenwood, SC Micro Area",37881,994,5371,7922,6276,4937,1984,1855,1439,954,2399,2760,990,2017
"Aberdeen, WA Micro Area",25258,1565,3244,4125,2546,2646,1331,2618,1377,573,1895,1756,1582,2017
"Abilene, TX Metro Area",72420,4037,10631,17729,17929,9911,2637,4433,181,486,1568,1115,1763,2017
"Kokomo, IN Metro Area",35715,2056,7147,8132,6845,3581,971,1593,345,888,2472,1463,222,2017
"La Crosse-Onalaska, WI-MN Metro Area",70101,2557,12197,12948,13109,11210,3734,6972,1519,1460,2788,1250,357,2017
"Lafayette, LA Metro Area",205268,8990,19597,34110,32510,30183,11713,30839,4978,4600,10499,8204,9045,2017
"Lafayette-West Lafayette, IN Metro Area",101518,3133,13833,23209,23658,14599,4753,7358,2028,1253,3513,3312,869,2017
"LaGrange, GA Micro Area",27471,528,2880,5606,5146,4823,948,2533,479,410,1563,1650,905,2017
"Lake Charles, LA Metro Area",97136,2996,10791,20077,23368,16692,5691,9200,1148,1075,3141,1467,1490,2017
"Lake City, FL Micro Area",22753,186,1617,2849,3347,5064,1240,1606,844,548,3264,1522,666,2017
"Lake Havasu City-Kingman, AZ Metro Area",68435,2554,13986,15191,12235,8454,2275,5331,461,505,3364,2510,1569,2017
"Lakeland-Winter Haven, FL Metro Area",264470,4053,17426,34524,42705,43205,15792,36778,7645,10173,30650,15546,5973,2017
"Lancaster, PA Metro Area",256646,11654,30663,37215,44295,41028,20656,30584,6407,7754,13523,8742,4125,2017
"Lansing-East Lansing, MI Metro Area",217345,6520,26440,39733,42469,36803,15005,19506,4919,5512,8552,7350,4536,2017
"Laredo, TX Metro Area",106425,2307,7895,18372,26703,19446,7676,11489,1632,2033,5444,2025,1403,2017
"Las Cruces, NM Metro Area",79214,2898,8626,14322,15907,11491,4391,9596,1509,1551,4266,2773,1884,2017
"Las Vegas-Henderson-Paradise, NV Metro Area",983968,13445,67612,116275,151276,192436,94493,192911,29476,33581,54320,22866,15277,2017
"Laurel, MS Micro Area",34179,277,2754,3970,7409,8323,1167,4015,978,2110,833,1802,541,2017
"Lawrence, KS Metro Area",63449,2556,8513,12649,14017,7160,2238,5390,2477,2467,4305,1087,590,2017
"Lawton, OK Metro Area",51176,3863,7507,12688,11540,7949,1964,2658,484,181,1140,648,554,2017
"Lebanon, PA Metro Area",63040,3589,7071,9949,9403,9156,2884,7443,1670,3495,5547,2252,581,2017
"Lewiston, ID-WA Metro Area",28363,2461,4024,7741,6763,2318,634,1589,78,301,1468,709,277,2017
"Lewiston-Auburn, ME Metro Area",48118,2180,7199,7934,6097,6602,2776,2792,2415,2837,4911,1699,676,2017
"Lexington-Fayette, KY Metro Area",245771,7534,27057,39599,48074,41704,20518,30508,6387,5054,11002,5633,2701,2017
"Lima, OH Metro Area",45883,2358,8402,8440,8840,6445,2989,2708,976,662,2015,910,1138,2017
"Lincoln, NE Metro Area",171477,5065,22212,33027,39811,27847,11673,15054,2915,3224,5302,3062,2285,2017
"Little Rock-North Little Rock-Conway, AR Metro Area",331001,9874,31908,48202,62005,52703,21968,45616,8444,11721,25155,9764,3641,2017
"Logan, UT-ID Metro Area",63054,3329,15569,15286,10157,5706,3207,3969,996,664,1535,1174,1462,2017
"London, KY Micro Area",41965,1880,3976,9128,7439,7381,3184,4177,482,427,1838,1202,851,2017
"Longview, TX Metro Area",88411,3273,16000,13577,13596,12943,4380,9894,1304,2098,4000,4139,3207,2017
"Longview, WA Metro Area",41464,800,5070,7486,8650,5675,2745,3004,637,600,3069,2988,740,2017
"Los Angeles-Long Beach-Anaheim, CA Metro Area",6066040,73254,348989,644690,835886,829377,338646,1078653,164222,303091,622889,608242,218101,2017
"Louisville/Jefferson County, KY-IN Metro Area",594836,11812,47867,76884,110405,103803,53803,91484,19189,19494,35375,15075,9645,2017
"Lubbock, TX Metro Area",150134,5822,21286,43386,37377,19303,4153,9061,751,1644,3271,1917,2163,2017
"Adrian, MI Micro Area",43686,2297,5626,6124,3161,5351,3678,5421,1289,2179,3388,3850,1322,2017
"Aguadilla-Isabela, PR Metro Area",79220,3024,9484,11746,12426,10880,4416,9831,2122,3183,5052,3804,3252,2017
"Akron, OH Metro Area",328840,8170,33684,47556,56621,54812,26334,42485,12619,10658,22985,9633,3283,2017
"Alamogordo, NM Micro Area",25770,816,6499,5514,4618,3262,602,1834,164,224,1418,679,140,2017
"Albany, GA Metro Area",57607,1588,5843,12756,12279,6673,2893,7968,909,1225,2009,2544,920,2017
"Albany, OR Metro Area",51187,2087,8887,8040,6423,5690,3078,7445,888,1408,3925,2142,1174,2017
"Albany-Schenectady-Troy, NY Metro Area",421517,10553,41345,62404,70936,73128,34406,55660,12975,17381,27544,9145,6040,2017
"Albertville, AL Micro Area",37180,2242,5408,7133,6630,4472,589,3487,777,949,3086,1297,1110,2017
"Albuquerque, NM Metro Area",384138,9079,33888,49965,70239,68648,30772,57668,11931,10602,22780,12525,6041,2017
"Alexandria, LA Metro Area",57398,3370,7717,11932,9413,8535,3937,6184,912,434,2178,1106,1680,2017
"Allentown-Bethlehem-Easton, PA-NJ Metro Area",387455,9846,39311,50132,58621,61845,29426,47442,9685,12034,29914,25526,13673,2017
"Altoona, PA Metro Area",52433,2622,7226,10432,9370,7034,3247,4336,1003,1579,2499,1801,1284,2017
"Amarillo, TX Metro Area",121195,6257,14532,23907,29798,19087,4698,11243,2188,1093,3800,2724,1868,2017
"Ames, IA Metro Area",45995,2821,8101,9544,10087,5022,1030,2589,1049,992,3561,915,284,2017
"Anchorage, AK Metro Area",187783,5303,22392,36654,38997,32983,6848,18312,1573,3944,8155,7640,4982,2017
"Ann Arbor, MI Metro Area",176846,4052,16591,26027,31912,29480,10969,21711,5914,7136,12776,8361,1917,2017
"Anniston-Oxford-Jacksonville, AL Metro Area",46376,2301,5349,4419,7695,8071,2934,6300,956,1561,3384,2622,784,2017
"Appleton, WI Metro Area",121711,3687,16963,22103,23795,20330,10009,11972,3076,2691,3656,1687,1742,2017
"Arecibo, PR Metro Area",48510,1450,1707,6040,7604,9791,5242,5404,994,2323,2789,2634,2532,2017
"Asheville, NC Metro Area",198249,4878,16784,31729,44093,38011,14428,21785,6088,5995,8109,4209,2140,2017
"Ashtabula, OH Micro Area",37798,1671,5216,6024,4069,4987,2042,3475,646,1702,4526,2147,1293,2017
"Athens, OH Micro Area",26304,745,4149,5268,5270,3521,1428,2406,137,634,1216,944,586,2017
"Athens, TX Micro Area",30093,1156,4207,5687,3251,2974,1134,2995,605,566,2791,2673,2054,2017
"Athens-Clarke County, GA Metro Area",89645,2409,10999,17489,21060,13003,5155,7943,1763,1478,3056,3037,2253,2017
"Atlanta-Sandy Springs-Roswell, GA Metro Area",2660218,36748,142731,251233,331257,362367,160946,431833,95952,135339,325313,290039,96460,2017
"Atlantic City-Hammonton, NJ Metro Area",121663,3325,14844,17512,20484,19433,8100,15584,2127,3888,6971,5698,3697,2017
"Auburn, NY Micro Area",34041,1860,4976,6501,4554,4064,1849,3241,1265,1257,2848,1065,561,2017
"Auburn-Opelika, AL Metro Area",70227,983,9730,13405,13502,9268,5446,7880,1688,948,4333,1583,1461,2017
"Augusta-Richmond County, GA-SC Metro Area",246864,6455,20132,34485,46630,44339,18696,33683,7487,6926,15504,8073,4454,2017
"Augusta-Waterville, ME Micro Area",54351,2498,7003,8369,7538,5658,5020,6816,2203,1953,3811,2555,927,2017
"Austin-Round Rock, TX Metro Area",1016302,19743,80100,120144,156558,153850,71479,155161,33241,46572,102210,59264,17980,2017
"Bakersfield, CA Metro Area",324638,8015,28972,55579,69240,53704,22835,35952,4122,9643,12153,14869,9554,2017
"Baltimore-Columbia-Towson, MD Metro Area",1336611,18519,81233,122853,179845,185499,90028,219721,51302,71022,141410,117498,57681,2017
"Bangor, ME Metro Area",70104,3067,9612,11291,11930,10401,4301,8672,1292,1546,3380,3039,1573,2017
"Barnstable Town, MA Metro Area",96717,3128,11568,17438,18883,12599,6768,9277,1899,1745,5285,4841,3286,2017
"Baton Rouge, LA Metro Area",374016,5468,28285,45762,59692,60049,22775,61168,10930,14463,33759,24362,7303,2017
"Battle Creek, MI Metro Area",55854,2297,10735,9933,9136,8909,2766,5518,917,1483,2102,1262,796,2017
"Lufkin, TX Micro Area",34293,1545,5763,8543,7843,3373,1200,2195,196,430,1531,400,1274,2017
"Lumberton, NC Micro Area",46704,1386,4446,6431,9551,8432,2593,6926,1124,871,2161,2160,623,2017
"Lynchburg, VA Metro Area",113902,2210,11294,17062,19370,20460,8700,13823,4507,3023,7638,3898,1917,2017
"Macon-Bibb County, GA Metro Area",88742,3595,8375,10322,17470,14761,6491,12753,3160,2189,5456,2772,1398,2017
"Madera, CA Metro Area",54015,2167,7766,7905,6621,4600,2329,8972,950,2848,4196,3864,1797,2017
"Madison, WI Metro Area",344407,11208,44209,49978,58552,56440,26031,41622,12967,12412,18750,8475,3763,2017
"Manchester-Nashua, NH Metro Area",206010,4191,15986,26985,33890,28956,15535,22482,7002,8009,19136,15226,8612,2017
"Manhattan, KS Metro Area",50429,3745,12510,11326,7161,6043,2128,3687,816,451,823,1067,672,2017
"Manitowoc, WI Micro Area",38582,3212,6320,6480,6468,5205,1962,3221,1166,1096,2044,916,492,2017
"Mankato-North Mankato, MN Metro Area",52150,1801,9151,14153,11465,4583,2484,2716,1231,696,1260,1355,1255,2017
"Mansfield, OH Metro Area",50226,2615,7780,9158,8475,8508,3005,3285,695,1079,1865,2230,1531,2017
"Marinette, WI-MI Micro Area",27478,1586,4872,5277,4606,3012,1342,1986,504,860,1719,1079,635,2017
"Marion, IN Micro Area",27512,2388,4706,6247,4877,2378,1308,2297,524,569,775,846,597,2017
"New Bern, NC Metro Area",53300,1578,6089,10509,8544,7510,2675,6956,743,1399,2995,2845,1457,2017
"Oak Harbor, WA Micro Area",33737,1133,3734,7443,7702,2760,1487,2846,354,528,2390,2119,1241,2017
"Ocala, FL Metro Area",113553,3157,9197,14357,17596,19192,10631,14944,4113,3594,9407,5510,1855,2017
"Ocean City, NJ Metro Area",38936,2002,5536,5795,7363,5354,3170,2790,602,1010,1557,2344,1413,2017
"Odessa, TX Metro Area",71542,2840,8246,16356,14409,9009,4743,6473,411,1083,2448,2012,3512,2017
"Ogden-Clearfield, UT Metro Area",296376,8878,33020,48611,51563,45349,23130,34664,9052,8558,18603,10832,4116,2017
"Ogdensburg-Massena, NY Micro Area",40979,2040,9016,5898,4697,4600,3001,3369,1774,2528,2108,1469,479,2017
"Oklahoma City, OK Metro Area",635209,12231,63487,92584,115756,113806,46079,91219,18990,18125,38952,14395,9585,2017
"Olean, NY Micro Area",31207,1826,5138,5039,5123,3715,1774,2446,588,894,2318,1614,732,2017
"Olympia-Tumwater, WA Metro Area",124155,3049,11575,17721,21125,16546,6915,16348,3809,5291,7760,8881,5135,2017
"Omaha-Council Bluffs, NE-IA Metro Area",467977,15321,51793,78222,94577,86643,40537,53332,9046,9369,17519,7644,3974,2017
"Opelousas, LA Micro Area",28642,808,4107,4621,2548,3776,2571,3493,1070,1223,1547,1815,1063,2017
"Orangeburg, SC Micro Area",34486,1022,1952,4578,5803,5841,2016,4410,716,895,2876,3688,689,2017
"Orlando-Kissimmee-Sanford, FL Metro Area",1129969,15793,64353,100773,147889,176905,87999,209447,46933,62591,129379,60413,27494,2017
"Oshkosh-Neenah, WI Metro Area",84656,3726,12866,18504,19303,12438,4297,6162,1440,1243,2250,1141,1286,2017
"Ottawa-Peru, IL Micro Area",66360,4770,13960,10148,8048,8078,4209,5083,2088,1707,2886,3550,1833,2017
"Owensboro, KY Metro Area",52417,3231,8744,13369,8779,6067,1881,3982,795,1430,2629,791,719,2017
"Bay City, MI Metro Area",42579,1315,6981,7115,7523,6691,3523,3866,1094,1106,1602,947,816,2017
"Beaumont-Port Arthur, TX Metro Area",165427,4492,19383,24806,30326,30164,8631,20315,2823,4742,9565,7900,2280,2017
"Beaver Dam, WI Micro Area",41674,1680,7315,6310,4944,4651,3460,4228,1852,1593,2942,1904,795,2017
"Beckley, WV Metro Area",41120,1867,4102,6379,7122,5684,2085,4195,779,1828,2344,3107,1628,2017
"Bellingham, WA Metro Area",102244,4025,13503,19475,19252,14521,7370,11812,1116,2178,3673,2762,2557,2017
"Bend-Redmond, OR Metro Area",78473,3070,11675,16953,13222,11992,3179,10743,1081,1220,3005,1210,1123,2017
"Billings, MT Metro Area",83135,4543,13096,17572,18309,13347,3442,6988,358,837,1807,1385,1451,2017
"Binghamton, NY Metro Area",101931,4124,12203,19279,23930,15796,6481,8074,2458,1856,3938,2108,1684,2017
"Birmingham-Hoover, AL Metro Area",488759,11236,40497,54439,74272,72884,35506,78250,19765,20317,47110,26705,7778,2017
"Bismarck, ND Metro Area",67478,2136,9485,16330,21002,9252,1589,3529,167,288,1404,1234,1062,2017
"Blacksburg-Christiansburg-Radford, VA Metro Area",79431,4232,11804,15449,12687,9392,4422,7879,1879,2706,5539,2249,1193,2017
"Bloomington, IL Metro Area",89266,4445,15264,19574,20530,9488,3372,6194,1557,1639,4512,1849,842,2017
"Bloomington, IN Metro Area",76727,2446,11478,13844,18279,10154,2641,8017,959,1459,2510,3483,1457,2017
"Bloomsburg-Berwick, PA Metro Area",38353,1252,5411,6520,8444,6327,2255,2769,757,951,2312,1044,311,2017
"Bluefield, WV-VA Micro Area",34109,1407,5191,7284,4073,4265,1261,3245,581,661,1724,3423,994,2017
"Boise City, ID Metro Area",313545,8550,27896,53655,60750,49824,24321,44171,8257,9657,13111,8533,4820,2017
"Boston-Cambridge-Newton, MA-NH Metro Area",2434948,47269,170740,245934,291499,302781,140895,374765,93033,137182,285692,259829,85329,2017
"Boulder, CO Metro Area",149299,2662,16733,24059,27189,19353,12265,16871,5184,4806,11317,7217,1643,2017
"Bowling Green, KY Metro Area",76717,2926,8174,15522,15345,12718,4521,8739,1409,1380,2387,2182,1414,2017
"Bozeman, MT Micro Area",56975,3262,10807,12544,12301,7769,1689,4172,569,305,1032,1488,1037,2017
"Brainerd, MN Micro Area",39056,1683,6414,7486,6323,4978,2576,3971,884,738,1560,1536,907,2017
"Branson, MO Micro Area",33556,1229,2718,4822,7652,6046,2163,3138,239,996,2848,1508,197,2017
"Oxnard-Thousand Oaks-Ventura, CA Metro Area",382215,8184,29926,44265,47440,42604,72467,53217,8672,11806,27282,21329,15023,2017
"Paducah, KY-IL Micro Area",39424,1824,6086,6574,7845,7527,1425,3381,737,492,1616,1095,822,2017
"Palatka, FL Micro Area",24281,1020,1862,4345,2775,1688,843,3709,573,584,3273,2593,1016,2017
"Palm Bay-Melbourne-Titusville, FL Metro Area",232185,5078,20835,28672,37724,45311,15461,36145,6658,6642,17614,8489,3556,2017
"Panama City, FL Metro Area",84609,3810,8229,12604,14370,14571,4665,12778,2180,2207,4437,2714,2044,2017
"Parkersburg-Vienna, WV Metro Area",36402,1733,5220,6931,7578,5530,1770,3299,400,1021,1530,635,755,2017
"Pensacola-Ferry Pass-Brent, FL Metro Area",207215,3141,16599,24354,42502,36948,16865,27934,5360,6238,15701,6954,4619,2017
"Peoria, IL Metro Area",159940,6848,21840,26958,28337,29490,11665,17419,2598,3842,6150,2351,2442,2017
"Philadelphia-Camden-Wilmington, PA-NJ-DE-MD Metro Area",2761221,53545,195164,288131,352434,383041,186023,420929,99379,152411,303289,237391,89484,2017
"Marion, OH Micro Area",23576,582,4094,5512,4694,2323,859,1982,659,461,1034,1062,314,2017
"Marquette, MI Micro Area",29242,1930,7343,6763,3779,3567,1524,2048,453,481,724,153,477,2017
"Marshall, TX Micro Area",24675,1097,3515,5024,4427,4329,1249,1995,590,102,943,930,474,2017
"Martinsville, VA Micro Area",25888,1075,2993,3907,5134,4563,785,2105,836,955,1274,1703,558,2017
"Mayagüez, PR Metro Area",23478,274,1802,4809,7228,2968,1134,2452,57,815,652,872,415,2017
"McAllen-Edinburg-Mission, TX Metro Area",309114,10589,40961,49957,67099,52522,20508,36159,4053,6554,9410,5011,6291,2017
"Meadville, PA Micro Area",37860,2674,5959,6024,5735,4796,1763,3425,957,1130,2437,1530,1430,2017
"Medford, OR Metro Area",84397,3291,15313,19482,17395,10782,5023,5863,1188,1199,2956,680,1225,2017
"Memphis, TN-MS-AR Metro Area",592847,10857,49089,71724,98239,107949,51064,99082,19813,22012,40603,14644,7771,2017
"Merced, CA Metro Area",94927,5213,12799,17549,13948,12584,3190,7766,1577,3314,5506,4097,7384,2017
"Meridian, MS Micro Area",37755,1364,4519,7450,6108,6348,1938,4870,593,723,1389,1275,1178,2017
"Bremerton-Silverdale, WA Metro Area",118137,2600,7991,15227,21025,18225,7364,15227,3183,3695,7820,7577,8203,2017
"Bridgeport-Stamford-Norwalk, CT Metro Area",442583,10920,38185,58127,64352,63211,20256,53273,10044,14946,30915,46900,31454,2017
"Canton-Massillon, OH Metro Area",173394,6272,20970,30764,29545,27830,12656,17301,4076,5486,9830,5802,2862,2017
"Cape Coral-Fort Myers, FL Metro Area",295679,4687,19527,37899,41062,45950,18117,53303,9560,14336,30699,11808,8731,2017
"Brownsville-Harlingen, TX Metro Area",155811,3644,15390,26885,34394,33424,12238,15991,1939,2550,5014,1884,2458,2017
"Brunswick, GA Metro Area",45947,1487,5205,7079,9450,6475,1778,6338,842,755,2497,2730,1311,2017
"Buffalo-Cheektowaga-Niagara Falls, NY Metro Area",532418,16552,52362,83784,96935,94660,49187,69320,14330,16083,21347,12043,5815,2017
"Burlington, NC Metro Area",72728,2832,8330,10098,15815,11185,4109,7268,1778,2657,5060,2273,1323,2017
"Burlington-South Burlington, VT Metro Area",111920,3596,15300,16231,17358,18437,6949,14701,3341,4053,7106,3913,935,2017
"California-Lexington Park, MD Metro Area",52932,423,4152,6317,7584,7336,4856,7672,1172,924,3973,4774,3749,2017
"Cape Girardeau, MO-IL Metro Area",40921,1890,6151,7112,7136,6509,1048,3967,730,1033,1927,2216,1202,2017
"Carbondale-Marion, IL Metro Area",47506,3111,6491,9480,7376,5978,2789,4395,1113,630,2339,2295,1509,2017
"Carson City, NV Metro Area",25286,975,4585,6357,3187,1977,944,3345,832,991,1125,757,211,2017
"Casper, WY Metro Area",36460,1967,6861,9373,9128,4558,825,1234,394,16,807,668,629,2017
"Cedar Rapids, IA Metro Area",136077,4562,20332,25893,26567,22975,8957,11506,2451,3444,5084,2377,1929,2017
"Miami-Fort Lauderdale-West Palm Beach, FL Metro Area",2740841,33041,146878,262557,346024,418490,193059,524426,100629,137592,287748,218663,71734,2017
"Michigan City-La Porte, IN Metro Area",42237,1869,7556,6812,5824,5797,2775,5076,446,661,2292,2447,682,2017
"Midland, MI Metro Area",35622,899,3954,8048,6937,5398,1715,3254,863,1439,1571,896,648,2017
"Midland, TX Metro Area",78293,1638,9147,16905,19083,13044,2128,9277,699,768,2556,2002,1046,2017
"Milwaukee-Waukesha-West Allis, WI Metro Area",745380,17284,71427,106556,129495,129953,59800,107949,26113,25432,40177,20722,10472,2017
"Minneapolis-St. Paul-Bloomington, MN-WI Metro Area",1826361,33577,149306,219149,282244,305344,154891,273977,69318,84603,149022,79490,25440,2017
"Minot, ND Micro Area",40266,2880,8700,8964,8278,4333,1111,1853,349,508,1334,665,1291,2017
"Missoula, MT Metro Area",60642,3459,10940,10506,16664,8294,1558,5676,726,634,563,898,724,2017
"Mobile, AL Metro Area",163077,2775,10038,21488,31007,27818,9663,34168,4559,3024,9939,6158,2440,2017
"Modesto, CA Metro Area",217618,7397,23459,33296,31217,29666,10525,25646,6694,5669,12821,11336,19892,2017
"Monroe, LA Metro Area",74351,1391,9697,14843,12820,9696,2774,13784,1929,2636,2876,990,915,2017
"Monroe, MI Metro Area",67495,3567,6682,9293,10186,8767,5463,6585,4412,2761,5821,2958,1000,2017
"Montgomery, AL Metro Area",154162,4010,12854,21540,27454,29164,14985,22849,4780,3233,7918,3241,2134,2017
"Morehead City, NC Micro Area",29200,1437,3975,4425,4707,3686,1732,4356,772,1183,1479,643,805,2017
"Morgantown, WV Metro Area",60899,2186,8729,8726,10625,9873,3034,6287,1628,2001,3540,2990,1280,2017
"Morristown, TN Metro Area",48377,1450,5500,9260,8393,6657,2404,5262,1497,1111,3838,2405,600,2017
"Moses Lake, WA Micro Area",39064,2288,5213,7850,5875,4904,1385,5997,629,478,2315,1764,366,2017
"Mount Airy, NC Micro Area",30661,1651,3692,5381,4208,3303,1271,3888,571,864,3135,2128,569,2017
"Mount Pleasant, MI Micro Area",29577,1745,6791,7109,3498,3280,1823,1929,775,262,1084,728,553,2017
"Mount Vernon-Anacortes, WA Metro Area",52684,2761,6084,8876,8012,7824,3623,4207,1217,1995,3963,2483,1639,2017
"Muncie, IN Metro Area",50728,1983,8871,9807,10946,5354,1975,4560,852,1203,2084,2403,690,2017
"Centralia, WA Micro Area",30241,2366,3099,4783,4047,3342,2175,3191,972,1214,1535,1670,1847,2017
"Chambersburg-Waynesboro, PA Metro Area",68759,2395,7095,10310,10458,10267,5068,7667,2561,1841,5491,3388,2218,2017
"Champaign-Urbana, IL Metro Area",108426,4281,12555,21042,28123,19019,7153,8289,1127,1498,2640,1646,1053,2017
"Charleston, WV Metro Area",82141,2687,5824,12819,18494,14392,5673,11070,1453,2441,3165,2631,1492,2017
"Charleston-North Charleston, SC Metro Area",359825,5588,24906,38348,54369,63315,24934,73649,12369,12055,27484,16440,6368,2017
"Charlotte-Concord-Gastonia, NC-SC Metro Area",1153392,17489,87006,145903,178379,177193,83007,167734,49042,52324,111207,58673,25435,2017
"Charlottesville, VA Metro Area",102885,2157,9722,16046,16787,15062,7700,12844,4279,4721,6966,3284,3317,2017
"Chattanooga, TN-GA Metro Area",239249,3695,24460,33898,46137,42994,20769,31497,6713,6543,13618,5116,3809,2017
"Cheyenne, WY Metro Area",45836,2035,8713,15107,10422,3687,1450,1298,462,75,715,1281,591,2017
"Chicago-Naperville-Elgin, IL-IN-WI Metro Area",4415454,68183,290484,443085,511054,542092,275969,682252,170348,255834,554324,479912,141917,2017
"Chico, CA Metro Area",90322,5070,17141,21736,13631,6119,5209,6816,3556,877,4959,2545,2663,2017
"Chillicothe, OH Micro Area",29141,604,3976,4990,4687,3840,2356,2132,454,1498,1794,1998,812,2017
"Cincinnati, OH-KY-IN Metro Area",1019187,24989,86087,123716,154113,172962,89853,148782,40511,46510,80531,36582,14551,2017
"Claremont-Lebanon, NH-VT Micro Area",99408,7279,11634,13812,14201,13900,6269,11726,3952,3730,6378,3830,2697,2017
"Clarksburg, WV Micro Area",36092,812,3999,5033,7572,5100,3311,4229,609,637,1947,1697,1146,2017
"Clarksville, TN-KY Metro Area",130815,5526,13367,20403,23694,19933,7922,13625,4544,3474,6333,9226,2768,2017
"Clearlake, CA Micro Area",20682,489,3048,2889,2142,2892,695,1769,501,750,1314,2624,1569,2017
"Cleveland, TN Metro Area",54160,1476,7808,8634,10375,5735,4512,7068,1080,1126,4480,920,946,2017
"Cleveland-Elyria, OH Metro Area",930350,23596,80161,118926,145130,159345,85871,136934,34505,41472,63142,26944,14324,2017
"Coeur d'Alene, ID Metro Area",65038,1821,10239,12469,10774,10087,4014,5160,1408,2147,3463,1940,1516,2017
"College Station-Bryan, TX Metro Area",110860,3469,15734,23808,26319,18975,3945,9029,1503,2079,2180,2332,1487,2017
"Colorado Springs, CO Metro Area",331277,6498,29926,53267,57700,56003,29442,43502,9240,7808,16085,13134,8672,2017
"Columbia, MO Metro Area",87046,2708,13531,18845,20514,12230,3520,5437,1568,2751,3684,1408,850,2017
"Columbia, SC Metro Area",380053,20625,29014,50914,67948,68466,22378,58781,10965,10248,24046,10997,5671,2017
"Columbus, GA-AL Metro Area",117887,4093,12746,17451,29495,19274,8411,11832,2939,1740,4862,2872,2172,2017
"Muskegon, MI Metro Area",72921,1804,9182,12694,15806,12325,4577,5143,1317,2234,4559,2796,484,2017
"Muskogee, OK Micro Area",23696,782,3957,5207,4375,2647,821,2149,524,482,1385,1058,309,2017
"Myrtle Beach-Conway-North Myrtle Beach, SC-NC Metro Area",180492,4400,16407,20736,40973,35062,12594,23969,7439,3689,8710,3284,3229,2017
"Nacogdoches, TX Micro Area",25818,960,4751,5560,4299,3420,1202,2297,534,441,618,887,849,2017
"Napa, CA Metro Area",68000,2280,8357,11865,10822,8277,4631,5903,1066,2862,4286,5578,2073,2017
"Naples-Immokalee-Marco Island, FL Metro Area",143408,1752,12390,19166,20748,24753,13955,23327,5451,5742,8908,4055,3161,2017
"Nashville-Davidson--Murfreesboro--Franklin, TN Metro Area",918456,16818,70425,111008,131852,139245,64252,137849,31748,38389,94915,58175,23780,2017
"New Castle, PA Micro Area",37923,2205,4734,6952,4857,4117,2523,4355,2252,878,2513,1889,648,2017
"New Haven-Milford, CT Metro Area",402218,7603,36801,59605,67076,70082,25787,52629,13251,14217,26576,17684,10907,2017
"New Orleans-Metairie, LA Metro Area",551401,10067,47862,71158,100327,89624,33787,78361,14891,15178,45143,33186,11817,2017
"New Philadelphia-Dover, OH Micro Area",41483,4067,6309,5101,5852,6602,2848,3466,982,1584,1772,1879,1021,2017
"New York-Newark-Jersey City, NY-NJ-PA Metro Area",9382250,143258,499222,824077,929308,1043093,471749,1373503,296040,538243,1152781,1442297,668679,2017
"Niles-Benton Harbor, MI Metro Area",68481,4209,9918,14231,11621,9446,5241,6856,952,1531,2186,1190,1100,2017
"North Port-Sarasota-Bradenton, FL Metro Area",301508,4960,21029,35128,45119,69433,16223,58499,7692,8292,17946,12102,5085,2017
"North Wilkesboro, NC Micro Area",26256,651,3226,4220,3661,4394,1370,3136,494,526,3349,546,683,2017
"Norwich-New London, CT Metro Area",127879,2792,11500,24111,21157,22611,9028,15059,4100,3191,6718,5663,1949,2017
"Winston-Salem, NC Metro Area",287924,6248,29692,43775,48025,49154,22381,38712,10128,8091,17042,8753,5923,2017
"Columbus, IN Metro Area",37530,941,4047,7966,7903,6469,2506,3592,564,997,915,1342,288,2017
"Columbus, OH Metro Area",982477,24687,87173,125616,163109,167894,89577,141634,36683,40170,65411,28329,12194,2017
"Concord, NH Micro Area",75185,3207,8462,9744,10096,10332,5510,10102,2996,2570,6113,3812,2241,2017
"Cookeville, TN Micro Area",44426,1072,4603,4035,8782,9942,2004,5722,1008,607,3069,2835,747,2017
"Coos Bay, OR Micro Area",23477,1523,4221,5622,4514,2934,381,1731,229,518,1181,95,528,2017
"Corning, NY Micro Area",40799,3164,6999,6142,5636,5142,2323,3831,1107,1215,2227,2234,779,2017
"Corpus Christi, TX Metro Area",192302,3853,19027,37249,51659,30252,8410,21619,2082,3330,8046,4089,2686,2017
"Corvallis, OR Metro Area",41733,1901,6835,10123,7622,5340,2541,2913,365,725,1471,1267,630,2017
"Crestview-Fort Walton Beach-Destin, FL Metro Area",119200,5387,15709,16876,16656,14467,7526,13841,2953,5434,9717,8418,2216,2017
"Cullman, AL Micro Area",33431,2001,2690,5324,6453,5105,1474,2518,525,903,2618,2356,1464,2017
"Cumberland, MD-WV Metro Area",38458,854,5993,6286,7690,5399,2585,4086,600,1275,894,1649,1147,2017
"Dallas-Fort Worth-Arlington, TX Metro Area",3449185,59065,233459,369635,470173,493358,244303,587972,124071,169815,372696,258372,66266,2017
"Dalton, GA Metro Area",60582,748,4262,8175,14207,10650,7529,7463,1720,546,3696,1298,288,2017
"Danville, IL Metro Area",30609,1250,4658,7131,5462,3192,910,4269,568,446,1602,523,598,2017
"Danville, VA Micro Area",42216,1560,4810,8913,7554,5691,2706,3675,1666,1254,2393,1249,745,2017
"Daphne-Fairhope-Foley, AL Metro Area",85288,1839,9936,12460,12379,9645,6191,12971,2672,2529,9779,3977,910,2017
"Davenport-Moline-Rock Island, IA-IL Metro Area",173503,7535,25095,31288,35218,28509,12315,15126,3947,2905,6977,3043,1545,2017
"Dayton, OH Metro Area",359128,12968,43309,54620,67385,62529,34569,38554,8939,7702,13340,10148,5065,2017
"Decatur, AL Metro Area",60765,1585,6942,8806,10457,8967,4185,8119,1489,1935,5813,1662,805,2017
"Decatur, IL Metro Area",44111,1851,7432,11503,10881,4779,1287,2151,454,493,1544,929,807,2017
"Deltona-Daytona Beach-Ormond Beach, FL Metro Area",245892,4622,25528,38857,41741,34215,12867,33544,8303,7115,17831,16014,5255,2017
"Denver-Aurora-Lakewood, CO Metro Area",1429043,21629,92794,152210,199687,224993,103265,247153,61103,69594,144788,85494,26333,2017
"Des Moines-West Des Moines, IA Metro Area",327013,9045,39669,51974,62262,64177,27950,39440,5935,6669,11808,4273,3811,2017
"Detroit-Warren-Dearborn, MI Metro Area",1902261,35999,142262,231442,277617,290946,154985,285857,71184,99722,177472,106583,28192,2017
"Dothan, AL Metro Area",60362,2041,6371,9106,11135,10771,3289,10065,956,1347,2650,1483,1148,2017
"Dover, DE Metro Area",76700,1937,4955,12529,14178,11006,4983,9136,2117,2254,5679,5762,2164,2017
"DuBois, PA Micro Area",31241,2221,4396,4620,4373,3849,1599,3092,1186,1091,2574,1178,1062,2017
"Dubuque, IA Metro Area",45998,2163,9422,11855,10238,4571,2478,2553,416,358,781,524,639,2017
"Duluth, MN-WI Metro Area",126416,6593,18299,21873,24047,17923,7722,11374,3198,2637,4749,4694,3307,2017
"Dunn, NC Micro Area",55305,1565,4500,6326,5089,6826,4161,8861,2726,3064,6279,4367,1541,2017
"Durham-Chapel Hill, NC Metro Area",263862,5959,17268,35955,47742,48142,19455,38844,9532,7856,17597,9828,5684,2017
"East Stroudsburg, PA Metro Area",77506,2366,6094,8142,10336,8113,3661,10778,1448,2454,6038,9951,8125,2017
"Eau Claire, WI Metro Area",80342,3567,12030,15605,17534,11307,4595,6975,1958,1334,2141,1706,1590,2017
"El Centro, CA Metro Area",55062,2061,9773,9439,8614,6507,3873,7660,588,1144,2606,1312,1485,2017
"Elizabeth City, NC Micro Area",26528,548,3118,4267,3544,2883,1574,1857,180,926,2413,3840,1378,2017
"Elizabethtown-Fort Knox, KY Metro Area",67467,2529,7392,11605,11636,10101,2787,6001,2308,1592,6585,4344,587,2017
"Elkhart-Goshen, IN Metro Area",89552,3059,13564,17332,15687,14118,6457,10132,2133,2267,2179,1524,1100,2017
"Elmira, NY Metro Area",36025,1588,7100,6526,7909,4515,1849,2484,480,1217,1921,221,215,2017
"El Paso, TX Metro Area",350137,5889,30964,48184,67902,61730,29248,52863,9064,8762,17757,11576,6198,2017
"Enid, OK Metro Area",27324,3164,7438,5918,5000,2202,463,2010,106,91,480,218,234,2017
"Hattiesburg, MS Metro Area",61592,3304,7444,11552,11030,7186,3450,8040,1342,1377,2402,1611,2854,2017
"Helena, MT Micro Area",37928,1914,6254,7718,9093,5499,1783,2750,326,558,779,774,480,2017
"Hermiston-Pendleton, OR Micro Area",35765,2788,7461,8674,5499,3028,1548,2995,384,997,1128,429,834,2017
"Hickory-Lenoir-Morganton, NC Metro Area",156769,4795,13714,27921,32614,28452,9146,16752,3050,4122,7929,5352,2922,2017
"Hilo, HI Micro Area",79459,3106,8887,14869,12953,10996,2442,8267,2535,3266,6224,3613,2301,2017
"Hilton Head Island-Bluffton-Beaufort, SC Metro Area",84676,4366,9633,12231,15586,11283,3882,10983,1695,2207,5047,5248,2515,2017
"Hinesville, GA Metro Area",33809,1422,3579,5063,7637,4235,1725,2890,519,1061,2633,2743,302,2017
"Guayama, PR Metro Area",15127,416,777,2665,2853,2921,207,2083,313,309,1101,658,824,2017
"Gulfport-Biloxi-Pascagoula, MS Metro Area",166609,3166,13795,27655,28545,31116,10526,25389,3214,3750,8595,6345,4513,2017
"Hagerstown-Martinsburg, MD-WV Metro Area",116444,4316,9217,14694,15793,17356,9055,11048,5540,5037,9025,7761,7602,2017
"Hammond, LA Metro Area",55670,1400,4719,8776,7741,6802,2434,6275,614,1558,5398,7027,2926,2017
"Hanford-Corcoran, CA Metro Area",54099,2534,8281,9539,8291,5970,3100,4764,1077,2654,3542,1848,2499,2017
"Owosso, MI Micro Area",30045,1974,4608,3535,2506,3277,1814,3439,1462,1271,3545,1477,1137,2017
"Phoenix-Mesa-Scottsdale, AZ Metro Area",2035158,37765,159121,236830,293695,315366,168888,325617,70925,97104,181117,112104,36626,2017
"Pine Bluff, AR Metro Area",29597,926,3327,4302,7543,3874,1794,2480,376,943,2600,1153,279,2017
"Pinehurst-Southern Pines, NC Micro Area",39912,946,5810,5820,5876,3858,2026,3415,1155,2177,4929,2662,1238,2017
"Pittsburgh, PA Metro Area",1082263,29742,95478,136924,152369,149779,72465,153822,44172,52832,103275,68177,23228,2017
"Pittsfield, MA Metro Area",58711,2389,11938,11510,9220,8532,3400,4255,1226,1255,2535,1704,747,2017
"Plattsburgh, NY Micro Area",35407,1137,7509,7535,5926,4036,1815,2902,397,511,1471,1840,328,2017
"Pocatello, ID Metro Area",35447,1796,6655,10326,8568,2138,657,1607,453,270,654,1318,1005,2017
"Ponce, PR Metro Area",73288,1345,6428,12483,11868,12461,5056,11654,1014,3089,2197,3790,1903,2017
"Port Angeles, WA Micro Area",24462,1243,4566,5752,2160,2759,1133,3500,187,87,1827,730,518,2017
"Portland-South Portland, ME Metro Area",268346,8173,26127,35324,43900,42267,19408,37014,9343,12414,19926,9485,4965,2017
"Portland-Vancouver-Hillsboro, OR-WA Metro Area",1149657,22974,93361,132026,167894,172371,81171,173381,37157,54874,116171,72116,26161,2017
"Port St. Lucie, FL Metro Area",184290,4034,12766,25810,28439,27454,10542,30670,6322,7302,14822,11747,4382,2017
"Harrisburg-Carlisle, PA Metro Area",269505,10012,26030,45966,48683,44641,18122,30118,6377,7630,16966,8972,5988,2017
"Harrisonburg, VA Metro Area",61155,4277,10657,9900,10973,7800,4689,5573,1519,1220,2244,1325,978,2017
"Hartford-West Hartford-East Hartford, CT Metro Area",570028,13135,54139,83064,92044,98144,49501,77402,16959,22547,37431,18090,7572,2017
"Hobbs, NM Micro Area",26666,1625,5089,5445,5590,1863,620,2413,400,170,731,1212,1508,2017
"Holland, MI Micro Area",52103,1867,4926,7997,5721,9684,2905,8683,1644,2479,4372,1058,767,2017
"Homosassa Springs, FL Metro Area",46679,1332,4979,8306,7854,7447,3325,4822,658,2382,1598,2045,1931,2017
"Hot Springs, AR Metro Area",36703,1883,4047,7368,8129,5275,1213,4122,498,501,796,1796,1075,2017
"Houma-Thibodaux, LA Metro Area",82169,4057,12116,13497,13880,7050,3511,9200,1876,1942,5824,5186,4030,2017
"Houston-The Woodlands-Sugar Land, TX Metro Area",3048882,42265,187051,317895,410812,415199,187042,533930,111726,150201,354260,266198,72303,2017
"Huntington-Ashland, WV-KY-OH Metro Area",131391,4245,13343,17298,27856,18542,10530,16157,3819,3850,9932,3357,2462,2017
"Huntsville, AL Metro Area",207563,2216,18459,25124,37210,39841,21449,34963,5909,6067,9349,4270,2706,2017
"Huntsville, TX Micro Area",27670,236,2308,2433,3495,7059,2577,2679,722,433,2384,2523,821,2017
"Hutchinson, KS Micro Area",28615,1962,6902,6960,4596,2094,1046,1288,308,745,1016,1420,278,2017
"Idaho Falls, ID Metro Area",61781,2511,12317,12567,11212,8494,3580,4651,291,538,1733,2233,1654,2017
"Indiana, PA Micro Area",36584,1640,5736,6035,5236,4831,1937,3710,1043,1570,2063,1726,1057,2017
"Indianapolis-Carmel-Anderson, IN Metro Area",944646,23982,88287,115815,143556,148316,85351,138243,44140,41253,68536,33817,13350,2017
"Iowa City, IA Metro Area",90281,3064,12399,14919,16280,16709,6104,10412,1648,2358,3994,1392,1002,2017
"Jamestown-Dunkirk-Fredonia, NY Micro Area",53596,4058,10151,11783,9540,5126,2269,4277,958,788,2912,1503,231,2017
"Janesville-Beloit, WI Metro Area",73533,2908,11184,14395,10285,9523,4983,6311,2396,2298,5384,2180,1686,2017
"Jefferson, GA Micro Area",29530,462,2031,3172,3619,3905,2670,4723,1281,1319,2721,3024,603,2017
"Jefferson City, MO Metro Area",67218,3061,11082,11766,12266,8529,3982,7889,2232,1476,2678,1091,1166,2017
"Johnson City, TN Metro Area",86865,3186,10140,10878,16795,16502,6530,10835,2515,1478,4463,1707,1836,2017
"Johnstown, PA Metro Area",53183,2229,7137,7739,8717,7880,4035,4525,1253,2114,4298,2081,1175,2017
"Jonesboro, AR Metro Area",59552,2014,8570,10087,12692,10532,2125,6874,744,357,1297,3404,856,2017
"Joplin, MO Metro Area",79847,2413,13710,13406,20428,11668,3266,7436,1406,1266,2382,1631,835,2017
"Kahului-Wailuku-Lahaina, HI Metro Area",79019,1774,12322,15141,11280,12710,4237,8406,939,3744,5098,2931,437,2017
"Ithaca, NY Metro Area",44746,1055,6075,8466,8991,8426,2663,4325,609,796,1507,1488,345,2017
"Jackson, MI Metro Area",68074,3102,7220,12292,12502,10051,3082,6102,1838,2947,4702,3259,977,2017
"Jackson, MS Metro Area",253734,6139,21575,32710,40474,45256,18730,49293,5674,6888,14321,8813,3861,2017
"Jackson, TN Metro Area",54066,1451,6111,11565,14236,5292,3569,4810,1087,389,2292,2555,709,2017
"Jacksonville, FL Metro Area",665592,12577,49403,71017,99315,106072,51955,118800,27251,26611,64376,29041,9174,2017
"Jacksonville, NC Metro Area",92626,5032,12726,12704,16842,13361,7868,11927,3071,1667,3546,2568,1314,2017
"Portsmouth, OH Micro Area",26941,1685,3046,3983,4476,3273,2223,3028,539,377,1755,1107,1449,2017
"Pottsville, PA Micro Area",59943,3174,5513,7834,9816,9342,4202,6506,1826,2687,4303,2958,1782,2017
"Prescott, AZ Metro Area",79417,4391,10312,11637,12495,13263,5443,9861,1762,1187,3264,3718,2084,2017
"Providence-Warwick, RI-MA Metro Area",768697,19069,74231,114037,117879,108329,53192,98288,25018,30203,55299,51675,21477,2017
"Provo-Orem, UT Metro Area",258919,10389,34471,40909,49163,36343,16968,27145,7216,6604,14678,9979,5054,2017
"Pueblo, CO Metro Area",65597,1859,7908,12873,15370,9078,2864,6097,1072,521,3378,2710,1867,2017
"Punta Gorda, FL Metro Area",55711,1045,6664,8581,11531,7197,3043,3108,1292,1728,6342,3611,1569,2017
"Quincy, IL-MO Micro Area",33189,1948,6242,7135,5720,3722,1164,2877,595,858,1730,701,497,2017
"Racine, WI Metro Area",91930,1913,11225,12271,16177,12936,6591,9379,2761,4013,8745,4496,1423,2017
"Raleigh, NC Metro Area",619903,11783,45683,70893,91475,102336,53408,96378,27558,29350,52252,27640,11147,2017
"Rapid City, SD Metro Area",69353,4560,9748,13169,16292,11495,2905,5371,397,906,2757,902,851,2017
"Reading, PA Metro Area",190285,5779,17753,26477,36240,28152,13618,22587,5315,5210,13172,10721,5261,2017
"Redding, CA Metro Area",69487,2755,10805,11045,19676,11050,2091,6291,947,641,1170,1981,1035,2017
"Reno, NV Metro Area",222349,5143,19905,36010,48850,42855,12661,24690,4867,6404,10307,7096,3561,2017
"Richmond, IN Micro Area",28703,1367,3952,6045,7841,2930,1044,2033,441,593,758,897,802,2017
"Richmond, VA Metro Area",605708,11229,42248,79300,91271,108967,55475,98300,24035,22139,39966,19281,13497,2017
"Richmond-Berea, KY Micro Area",48300,3072,6794,10741,6436,3782,2427,4450,1441,1903,3954,2205,1095,2017
"Riverside-San Bernardino-Ontario, CA Metro Area",1806328,33174,133724,222514,251703,245375,97749,247693,46651,67548,151734,172922,135541,2017
"Roanoke, VA Metro Area",138144,2882,12007,17408,29112,17921,6157,32871,2503,3214,7109,5030,1930,2017
"Roanoke Rapids, NC Micro Area",22809,345,2110,6088,3687,1023,643,3957,719,882,1469,901,985,2017
"Rochester, MN Metro Area",106604,4699,13950,24504,22795,13777,5899,8630,2412,1663,3681,2872,1722,2017
"Rochester, NY Metro Area",496545,16915,57227,79062,86779,88521,44367,57787,12968,12915,21863,11627,6514,2017
"Rockford, IL Metro Area",149273,3982,18251,24939,27018,23092,11126,16959,2262,2679,7138,7069,4758,2017
"Rocky Mount, NC Metro Area",59688,1037,6975,11068,12213,7516,3312,7384,1950,1661,3333,2614,625,2017
"Rome, GA Metro Area",39692,1232,4547,7731,9244,4276,1716,4635,862,1685,1598,1301,865,2017
"Roseburg, OR Micro Area",40676,1842,8268,6998,9461,5538,985,2746,694,608,2004,707,825,2017
"Roswell, NM Micro Area",25433,1561,5038,6200,5258,2585,354,1058,621,155,1092,1425,86,2017
"Russellville, AR Micro Area",33479,1425,4009,7130,5689,6030,2227,3184,441,1511,1059,642,132,2017
"Sacramento--Roseville--Arden-Arcade, CA Metro Area",970683,20754,77537,135509,137405,147789,63567,153888,30790,41153,80092,47648,34551,2017
"Saginaw, MI Metro Area",77733,4104,11227,11900,14566,13824,4748,6875,2076,1549,2503,2199,2162,2017
"St. Cloud, MN Metro Area",102548,4720,15980,19218,18677,14513,6737,7912,2168,1865,4318,3655,2785,2017
"St. George, UT Metro Area",63907,2590,9399,15069,12647,10719,4042,4904,377,941,973,437,1809,2017
"St. Joseph, MO-KS Metro Area",53922,1996,10336,11070,12849,5433,2318,3045,307,500,2899,2292,877,2017
"St. Louis, MO-IL Metro Area",1307667,27800,115250,152005,196859,208648,104105,209252,49977,60144,109710,51591,22326,2017
"Salem, OH Micro Area",39988,1861,5304,5793,5336,4034,1987,5056,2285,2218,2990,2220,904,2017
"Salem, OR Metro Area",174149,4374,18543,29044,30218,25361,10636,20249,5598,4903,11771,10014,3438,2017
"Salinas, CA Metro Area",184869,3132,11856,24712,44720,42848,13821,17413,4056,6026,8157,5138,2990,2017
"Salisbury, MD-DE Metro Area",168653,6590,20570,27384,25359,24188,8739,19910,4957,6827,12173,7355,4601,2017
"Salt Lake City, UT Metro Area",577853,10042,49542,82411,107362,111366,46793,83251,16254,18340,32161,15880,4451,2017
"San Angelo, TX Metro Area",55847,2608,11364,15765,12333,6810,713,2167,466,347,910,973,1391,2017
"San Antonio-New Braunfels, TX Metro Area",1081096,16100,71302,141013,171900,191081,79736,171229,33935,40099,91347,48492,24862,2017
"San Diego-Carlsbad, CA Metro Area",1535345,19388,101514,193882,246558,271810,110585,252021,47130,64957,118133,77002,32365,2017
"Sandusky, OH Micro Area",35471,1378,5129,7153,8103,3358,2237,3656,737,468,1495,1175,582,2017
"San Francisco-Oakland-Hayward, CA Metro Area",2210949,27058,121739,211463,265459,262668,116148,318099,77796,124354,289492,283828,112845,2017
"San Germán, PR Metro Area",27104,131,1790,5601,4182,3985,1532,5985,442,1001,779,1255,421,2017
"San Jose-Sunnyvale-Santa Clara, CA Metro Area",948331,11480,48845,98055,135646,146811,65600,163183,27035,44912,94589,79413,32762,2017
"San Juan-Carolina-Caguas, PR Metro Area",651065,9812,32150,69721,99228,88203,34188,109370,19888,35792,62894,69719,20100,2017
"San Luis Obispo-Paso Robles-Arroyo Grande, CA Metro Area",121012,4674,18285,20977,18748,19287,7234,12556,2919,4356,7251,2609,2116,2017
"Santa Cruz-Watsonville, CA Metro Area",123515,2825,15650,19284,18400,13664,5679,12734,2285,4378,11304,12692,4620,2017
"Santa Fe, NM Metro Area",63932,1792,5917,10663,13072,12349,3833,7230,652,2094,3852,1903,575,2017
"Santa Maria-Santa Barbara, CA Metro Area",201376,7784,31587,46595,37134,26632,10137,15029,3558,5787,8527,6103,2503,2017
"Santa Rosa, CA Metro Area",232166,7282,25340,35316,34027,36739,13521,25976,5699,7340,15859,15363,9704,2017
"Savannah, GA Metro Area",176857,4633,14710,25351,30232,32996,9246,25382,7435,5009,11716,6246,3901,2017
"Scranton--Wilkes-Barre--Hazleton, PA Metro Area",249725,6491,29957,44795,48894,37745,18416,26004,5150,8232,12840,7009,4192,2017
"Searcy, AR Micro Area",31059,1177,3962,6845,5527,4131,393,2185,631,1367,1829,2284,728,2017
"Seattle-Tacoma-Bellevue, WA Metro Area",1872114,30031,110281,185242,228107,258379,130058,297577,75312,107368,219539,167985,62235,2017
"Sebastian-Vero Beach, FL Metro Area",54275,651,6437,9150,13488,6040,2566,4243,1623,3246,3559,1465,1807,2017
"Sebring, FL Metro Area",28916,1022,4066,6426,6195,4871,594,3023,643,500,427,513,636,2017
"Seneca, SC Micro Area",30619,1274,2279,4579,6850,4942,1914,2674,613,1231,2578,830,855,2017
"Sevierville, TN Micro Area",45486,893,3718,6456,7336,7433,3164,7607,1412,1486,4115,1605,261,2017
"Show Low, AZ Micro Area",35035,2314,7958,7745,3993,2493,995,2975,253,1049,2307,1736,1217,2017
"Shreveport-Bossier City, LA Metro Area",176142,3309,16815,29302,40646,31957,12860,19934,3414,3204,7771,3860,3070,2017
"Sierra Vista-Douglas, AZ Metro Area",46760,1795,7442,7809,9771,5055,2693,4585,943,1140,2320,2225,982,2017
"Sioux City, IA-NE-SD Metro Area",80117,4768,14801,14229,17927,10661,3872,6358,1252,1780,2232,1187,1050,2017
"Sioux Falls, SD Metro Area",133619,6117,17946,24490,33428,24221,7312,9757,1811,1563,2905,2081,1988,2017
"Somerset, PA Micro Area",30231,1558,3448,3505,5626,5166,1912,3803,474,954,1467,1031,1287,2017
"South Bend-Mishawaka, IN-MI Metro Area",145788,3887,13448,22579,35473,26589,12687,14465,3617,3601,5256,1947,2239,2017
"Spartanburg, SC Metro Area",145312,3219,14817,20803,29178,24182,11868,18464,4239,4215,8971,3661,1695,2017
"Shawnee, OK Micro Area",29692,921,4346,5606,5238,2518,1385,2624,996,716,2752,2144,446,2017
"Sheboygan, WI Metro Area",56499,2553,10276,12448,12142,6290,2526,3703,899,1195,1699,2142,626,2017
"Shelby, NC Micro Area",37984,2063,3004,6144,6861,4643,1317,3705,2073,2183,2395,2979,617,2017
"Sherman-Denison, TX Metro Area",54684,2374,7235,9750,9023,6782,2414,5149,1633,1683,3922,3053,1666,2017
"Sunbury, PA Micro Area",38260,1966,5188,5972,4652,5985,2927,5921,574,1568,1423,1301,783,2017
"Spokane-Spokane Valley, WA Metro Area",240484,8705,28497,37647,42085,40511,19509,30615,5363,6942,11038,6319,3253,2017
"Springfield, IL Metro Area",94162,2046,12116,16219,21372,17162,5753,8708,1632,1348,2882,2674,2250,2017
"Springfield, MA Metro Area",278193,7601,31595,41836,46039,48372,18676,36017,8779,10494,17309,7123,4352,2017
"Springfield, MO Metro Area",207995,8020,19879,31790,42013,38648,13865,26821,5786,5220,9981,3385,2587,2017
