Metro Area,Total,Less than 5 minutes,5 to 9 minutes,10 to 14 minutes,15 to 19 minutes,20 to 24 minutes,25 to 29 minutes,30 to 34 minutes,35 to 39 minutes,40 to 44 minutes,45 to 59 minutes,60 to 89 minutes,90 or more minutes,Year
"Mansfield, OH Metro Area",46837,1693,6567,9038,8911,7513,3216,4162,423,980,1565,1448,1321,2013
"Marinette, WI-MI Micro Area",27333,2388,5436,4864,4028,3268,928,2366,650,587,1561,830,427,2013
"Marion, IN Micro Area",27199,1950,5924,5035,4457,3644,700,1853,408,428,1454,849,497,2013
"Marion, OH Micro Area",24435,694,2761,5527,5473,2160,1082,1628,187,1101,1425,1691,706,2013
"Marquette, MI Micro Area",28047,1703,6692,5600,3954,3596,1747,1858,269,408,1502,362,356,2013
"Marshall, TX Micro Area",25117,1017,3381,3573,5529,3977,1402,3243,545,150,1607,556,137,2013
"Martinsville, VA Micro Area",25716,935,3433,3881,4993,3249,2739,2336,427,566,1587,1104,466,2013
"Mayagüez, PR Metro Area",25748,779,2579,5188,5414,4423,575,3228,514,526,1142,788,592,2013
"McAllen-Edinburg-Mission, TX Metro Area",280053,7293,28798,48141,59280,53404,19502,38669,2953,5143,6588,5110,5172,2013
"Meadville, PA Micro Area",34614,1803,5845,5017,5821,4225,2725,2725,921,1277,2149,1552,554,2013
"Medford, OR Metro Area",79059,2162,11224,18276,17733,9585,3665,8319,1250,1135,2630,2243,837,2013
"Memphis, TN-MS-AR Metro Area",582977,12374,50170,75209,91537,103819,45553,103871,19047,16171,42577,15237,7412,2013
"Merced, CA Metro Area",85223,4571,10590,15997,12974,12957,2782,6197,1681,1702,3198,5425,7149,2013
"Meridian, MS Micro Area",39713,1811,5927,6272,7679,5746,1596,4714,1500,562,1792,1194,920,2013
"Miami-Fort Lauderdale-West Palm Beach, FL Metro Area",2509362,40746,146469,277409,350593,408587,169483,478558,85819,121202,228862,150483,51151,2013
"Michigan City-La Porte, IN Metro Area",45720,1354,8847,7284,6065,6313,3372,3592,1601,1700,3071,1842,679,2013
"Midland, MI Metro Area",34211,1703,3951,7048,6356,4535,2237,3928,754,632,2298,318,451,2013
"Midland, TX Metro Area",76005,2137,10278,15330,18696,11189,3305,7767,462,1192,1295,2303,2051,2013
"Milwaukee-Waukesha-West Allis, WI Metro Area",728602,19395,69303,101881,127994,131332,57801,98389,23142,25738,40139,19815,13673,2013
"Minneapolis-St. Paul-Bloomington, MN-WI Metro Area",1723294,39524,147110,218998,263954,281588,144878,253711,64682,73222,140879,71514,23234,2013
"Minot, ND Micro Area",42311,4098,8004,9165,7869,3943,1214,3281,509,267,567,1390,2004,2013
"Missoula, MT Metro Area",52263,1722,8796,12983,13222,6252,1996,3338,557,601,1567,743,486,2013
"Mobile, AL Metro Area",161306,2508,13944,23589,26620,28396,11532,30748,3149,4933,8450,5024,2413,2013
"Modesto, CA Metro Area",196323,6064,25014,33208,31622,27464,9715,20979,4206,5598,11264,8524,12665,2013
"Monroe, LA Metro Area",69538,1853,9556,15716,14307,8576,2522,9838,1045,546,3113,1164,1302,2013
"Monroe, MI Metro Area",63013,2255,7468,9233,9828,7402,4796,7511,2398,1913,6467,2805,937,2013
"Montgomery, AL Metro Area",153445,3783,15468,21272,33042,27175,10882,22299,3953,3625,7647,1797,2502,2013
"Morehead City, NC Micro Area",26916,1092,3556,4661,4046,3639,1700,3931,659,577,1837,579,639,2013
"Morgantown, WV Metro Area",61859,3066,5787,9286,10993,13053,4313,5245,791,2119,3077,2914,1215,2013
"Morristown, TN Metro Area",45764,729,4954,7404,9054,6569,2946,4056,1688,2092,3667,2190,415,2013
"Moses Lake, WA Micro Area",34009,3100,6042,4440,6161,3361,1761,4016,335,490,2545,1608,150,2013
"Mount Airy, NC Micro Area",28511,1033,3234,4520,5056,3957,1180,3875,549,950,2085,1445,627,2013
"Mount Pleasant, MI Micro Area",30747,2519,7184,7578,4661,3352,1112,1602,385,158,907,755,534,2013
"Mount Vernon-Anacortes, WA Metro Area",49033,1871,6307,8548,8941,6482,1781,5221,1400,1706,2784,2385,1607,2013
"Muncie, IN Metro Area",50367,2543,7996,10499,9752,6003,2038,4971,629,1300,1962,1504,1170,2013
"Muskegon, MI Metro Area",67890,3628,7640,12791,14486,11080,3763,4730,1246,1578,3995,2247,706,2013
"Muskogee, OK Micro Area",26978,1136,3555,6396,5018,3215,1322,2464,322,745,1431,971,403,2013
"Myrtle Beach-Conway-North Myrtle Beach, SC-NC Metro Area",163602,6404,15324,27024,30754,26123,10898,24562,2688,3337,9283,5453,1752,2013
"Nacogdoches, TX Micro Area",25028,1302,5688,5323,3569,2277,892,2507,635,521,812,728,774,2013
"Napa, CA Metro Area",64424,2275,8857,15726,9212,6566,3552,6089,1195,1810,3439,3652,2051,2013
"Naples-Immokalee-Marco Island, FL Metro Area",124916,2973,12624,18166,22165,20502,7177,17488,2037,5810,8247,5076,2651,2013
"Nashville-Davidson--Murfreesboro--Franklin, TN Metro Area",812165,15751,58786,100218,126206,134414,55670,130378,26483,33176,73873,44226,12984,2013
"New Bern, NC Metro Area",52961,2821,9410,6907,7879,5810,3393,5306,2084,1653,3453,2518,1727,2013
"New Castle, PA Micro Area",37326,1227,5388,5470,5315,4676,2328,5216,1580,1358,2415,1810,543,2013
"New Haven-Milford, CT Metro Area",393345,11067,36163,64896,65638,68822,24796,49304,10588,13826,25235,14927,8083,2013
"New Orleans-Metairie, LA Metro Area",546032,15696,43465,78731,86385,88011,33569,86708,12968,15785,37602,31770,15342,2013
"New Philadelphia-Dover, OH Micro Area",39904,2522,5991,6775,6033,6635,1859,3951,749,1325,2540,1263,261,2013
"New York-Newark-Jersey City, NY-NJ-PA Metro Area",8888158,146827,524694,814607,931116,1011843,453178,1318813,279737,504379,1100680,1252070,550214,2013
"Niles-Benton Harbor, MI Metro Area",63956,2277,10351,13652,10752,10649,4732,4680,1742,1632,1673,863,953,2013
"North Port-Sarasota-Bradenton, FL Metro Area",265064,6693,19748,37136,44459,60579,17416,39655,5982,5656,17842,6782,3116,2013
"North Wilkesboro, NC Micro Area",24692,1034,2707,3518,3737,5056,1582,2201,779,819,1187,1696,376,2013
"Norwich-New London, CT Metro Area",131928,4037,14556,22922,19860,23415,9648,13922,3591,5161,6102,5972,2742,2013
"Oak Harbor, WA Micro Area",32691,554,4670,6239,5362,2663,839,2233,990,1264,2965,2722,2190,2013
"Ocala, FL Metro Area",105443,3369,7519,13245,19262,17788,8286,16540,2591,4678,6557,4072,1536,2013
"Ocean City, NJ Metro Area",39889,2343,5091,4968,8670,5944,1897,2954,1148,1515,2224,1431,1704,2013
"Odessa, TX Metro Area",68655,2350,7587,13325,14808,11334,2945,8165,1383,982,2097,2228,1451,2013
"Ogden-Clearfield, UT Metro Area",270107,8818,37428,42871,49013,45292,17360,29042,4468,6988,15806,8079,4942,2013
"Ogdensburg-Massena, NY Micro Area",41121,2681,7658,7325,5687,5023,2002,3371,1112,1482,2155,1344,1281,2013
"Oklahoma City, OK Metro Area",603019,17438,66629,91785,101487,116321,43641,83507,13850,15863,27103,14550,10845,2013
"Olean, NY Micro Area",32154,2877,6047,5387,4448,2908,1869,2895,660,998,1860,1431,774,2013
"Olympia-Tumwater, WA Metro Area",112642,3502,12240,16291,16281,20043,8185,11952,2776,4140,9011,5981,2240,2013
"Omaha-Council Bluffs, NE-IA Metro Area",442020,12380,48544,74481,89702,83620,34335,54193,9343,9277,15224,6685,4236,2013
"Opelousas, LA Micro Area",30579,2187,4556,4156,2806,4760,1117,2526,526,2599,1358,2936,1052,2013
"Orangeburg, SC Micro Area",31784,990,3657,5634,5264,3135,1892,3023,1140,543,2590,2769,1147,2013
"Orlando-Kissimmee-Sanford, FL Metro Area",991095,14218,53421,123182,149913,155978,74295,184488,35010,48850,89476,42318,19946,2013
"Oshkosh-Neenah, WI Metro Area",82536,3223,12834,19496,16886,11769,5242,6463,1168,1582,2197,851,825,2013
"Ottawa-Peru, IL Micro Area",64064,5182,10441,11467,8482,6999,3078,6353,1085,1326,4411,2782,2458,2013
"Owensboro, KY Metro Area",50072,2496,9176,11701,9031,4846,2591,3960,1201,818,2159,1473,620,2013
"Owosso, MI Micro Area",27099,1740,4156,3322,2940,2255,1442,3791,1367,1373,2845,950,918,2013
"Oxnard-Thousand Oaks-Ventura, CA Metro Area",371890,8068,36179,60608,56183,59781,21086,51435,8214,12642,24944,21009,11741,2013
"Paducah, KY-IL Micro Area",36906,1294,5932,6306,8882,4665,2107,4391,564,567,887,937,374,2013
"Palatka, FL Micro Area",22368,571,2483,4153,2591,1779,862,3670,705,437,2863,1707,547,2013
"Palm Bay-Melbourne-Titusville, FL Metro Area",212526,5135,21379,28965,38695,39538,13370,30435,4982,5417,13022,8611,2977,2013
"Panama City, FL Metro Area",82226,3309,8484,14533,14660,10926,5787,13270,1326,1556,5281,2474,620,2013
"Parkersburg-Vienna, WV Metro Area",37349,1521,3978,6148,7505,7111,1482,4252,243,766,1916,1328,1099,2013
"Pensacola-Ferry Pass-Brent, FL Metro Area",184349,2527,14070,29175,37205,31814,12890,24721,4315,4583,12892,7307,2850,2013
"Peoria, IL Metro Area",169090,7133,18986,27482,34372,30443,11738,19094,4424,4036,5045,3764,2573,2013
"Philadelphia-Camden-Wilmington, PA-NJ-DE-MD Metro Area",2684735,60042,205852,310394,368176,383001,168051,405414,92674,132436,277552,207359,73784,2013
"Phoenix-Mesa-Scottsdale, AZ Metro Area",1788231,37586,141443,225472,260540,287984,136584,290114,54276,83826,159697,84362,26347,2013
"Pine Bluff, AR Metro Area",33783,954,2551,5735,9291,5196,1429,2990,1044,1043,2021,904,625,2013
"Pinehurst-Southern Pines, NC Micro Area",35514,779,4018,7227,6087,5664,1284,3791,391,1466,3118,1215,474,2013
"Pittsburgh, PA Metro Area",1076505,30328,102295,141133,155902,158283,72436,150602,36059,51413,97975,60760,19319,2013
"Pittsfield, MA Metro Area",58782,4647,10903,10049,9097,8079,3117,5397,900,956,2144,2134,1359,2013
"Plattsburgh, NY Micro Area",32062,2995,4805,5906,6053,4068,1427,2154,505,848,1171,1683,447,2013
"Pocatello, ID Metro Area",35179,1588,8215,9085,7205,2887,684,1423,380,227,1472,1193,820,2013
"Ponce, PR Metro Area",81733,578,6180,12964,15739,13910,4467,12644,1152,2607,4581,4677,2234,2013
"Port Angeles, WA Micro Area",26112,1941,5529,5374,3343,2869,1247,2553,287,428,933,522,1086,2013
"Portland-South Portland, ME Metro Area",245593,8644,24495,40378,37718,38511,17864,29584,7172,8022,17914,9700,5591,2013
"Portland-Vancouver-Hillsboro, OR-WA Metro Area",1022283,25105,91673,133599,163641,161581,73863,144719,30125,42186,83615,52065,20111,2013
"Port St. Lucie, FL Metro Area",155497,4442,12397,20439,27760,22110,8724,25451,4192,5757,11174,8296,4755,2013
"Portsmouth, OH Micro Area",27159,1268,3727,4288,3626,4293,1662,3667,599,943,747,1042,1297,2013
"Pottsville, PA Micro Area",62062,3332,7036,9405,9921,8676,4299,6164,1881,1563,4475,3927,1383,2013
"Prescott, AZ Metro Area",76002,4642,12350,12360,12032,10002,4984,9099,1115,946,3058,2312,3102,2013
"Providence-Warwick, RI-MA Metro Area",735032,19964,72413,106738,129196,115264,49288,84938,20853,26958,49822,40627,18971,2013
"Provo-Orem, UT Metro Area",219540,9214,31280,36568,41341,34309,12842,20565,4802,6130,12036,7328,3125,2013
"Pueblo, CO Metro Area",59702,2188,8096,12549,12724,8140,2153,4689,784,1437,4080,2191,671,2013
"Punta Gorda, FL Metro Area",48939,1910,5297,7350,9763,5988,3017,6256,1334,1555,4131,1555,783,2013
"Quincy, IL-MO Micro Area",34445,1140,6613,8674,7253,3786,1343,2365,561,641,1161,434,474,2013
"Racine, WI Metro Area",84687,2425,9829,13870,13920,13426,4485,8749,3528,2599,5947,4306,1603,2013
"Raleigh, NC Metro Area",558783,10534,45210,62683,93677,96169,47126,89750,22181,21257,39260,19360,11576,2013
"Rapid City, SD Metro Area",67682,3285,9735,14366,16106,9698,2813,5737,1215,1486,1209,1346,686,2013
"Reading, PA Metro Area",185838,5314,21535,29957,30387,27924,11858,17411,4024,6306,13784,11981,5357,2013
"Redding, CA Metro Area",61519,1733,8956,16043,14048,9020,2295,3553,228,656,1962,1281,1744,2013
"Reno, NV Metro Area",198234,4177,21689,34454,43703,39455,11663,21900,2625,3651,6221,4228,4468,2013
"Richmond, IN Micro Area",25319,1691,3892,6072,5393,2646,974,1355,213,314,1247,1242,280,2013
"Richmond, VA Metro Area",570294,10635,42077,75399,98928,102605,49375,88303,18663,17651,34424,19888,12346,2013
"Richmond-Berea, KY Micro Area",44699,1492,8040,7871,5402,4812,2011,4650,1084,1340,4675,2703,619,2013
"Riverside-San Bernardino-Ontario, CA Metro Area",1617168,35670,132506,198888,232698,210962,88652,210897,42590,61855,142542,160952,98956,2013
"Roanoke, VA Metro Area",140237,4908,15897,23362,28480,23597,8356,14952,2974,3242,7895,4520,2054,2013
"Roanoke Rapids, NC Micro Area",24369,934,3790,3128,3755,3031,1580,2779,644,1706,1903,733,386,2013
"Rochester, MN Metro Area",105570,4794,15698,21849,22447,13259,6109,9817,1412,1970,4094,2615,1506,2013
"Rochester, NY Metro Area",485021,20542,58150,77671,87785,91923,35693,52187,11882,12629,18861,11982,5716,2013
"Rockford, IL Metro Area",147100,5055,20112,26542,27997,22226,10018,13202,3530,2928,6182,5944,3364,2013
"Rocky Mount, NC Metro Area",60967,2473,7106,10191,10568,10306,5244,6203,1924,899,3414,1939,700,2013
"Rome, GA Metro Area",36814,1261,5015,6186,9106,5147,2142,3526,332,196,1207,1767,929,2013
"Roseburg, OR Micro Area",35935,3183,4804,5833,6939,4836,1989,2958,1335,430,794,1998,836,2013
"Roswell, NM Micro Area",26167,1616,5268,5316,6496,2127,697,1707,15,313,1664,552,396,2013
"Russellville, AR Micro Area",32993,1379,5041,5318,7968,3821,1936,2755,1212,1155,1088,820,500,2013
"Sacramento--Roseville--Arden-Arcade, CA Metro Area",874218,21439,83126,125693,133400,134071,65242,126286,25844,32831,63817,34555,27914,2013
"Saginaw, MI Metro Area",77593,3185,11095,15024,13822,11400,4642,8594,1527,1646,2706,1925,2027,2013
"St. Cloud, MN Metro Area",97507,6309,16043,18795,17904,12537,4879,7768,2074,2273,3671,3366,1888,2013
"St. George, UT Metro Area",54469,3201,9339,12947,10556,8145,2488,3745,378,440,1183,798,1249,2013
"St. Joseph, MO-KS Metro Area",55034,2582,6577,14505,12426,7105,2501,2852,736,748,2248,2047,707,2013
"St. Louis, MO-IL Metro Area",1275535,30876,102605,166947,193630,208275,99301,195763,48508,56520,105900,48099,19111,2013
"Salem, OH Micro Area",43453,2505,5852,6885,6424,4576,2033,5070,1465,2173,3558,1940,972,2013
"Salem, OR Metro Area",161681,6368,24891,21076,30292,29676,9716,14690,3725,3446,7918,6981,2902,2013
"Salinas, CA Metro Area",165118,3870,15696,25974,32929,29418,9507,25250,2363,5199,6909,4704,3299,2013
"Salisbury, MD-DE Metro Area",157097,6371,22182,24868,25985,22277,9065,17697,3270,6041,10889,5697,2755,2013
"Salt Lake City, UT Metro Area",522279,11150,47807,76094,92490,101511,40156,81999,11947,14796,25106,13061,6162,2013
"San Angelo, TX Metro Area",53892,2033,8845,15009,13942,5088,1085,3272,44,1252,811,1625,886,2013
"San Antonio-New Braunfels, TX Metro Area",990802,25254,80382,124914,167409,173984,76212,148382,31513,30903,71795,39942,20112,2013
"San Diego-Carlsbad, CA Metro Area",1383027,22591,99734,185963,246891,248179,113731,207625,39649,47513,92032,48745,30374,2013
"Sandusky, OH Micro Area",33866,1849,5537,6222,6305,5209,1425,2579,354,613,2030,1425,318,2013
"San Francisco-Oakland-Hayward, CA Metro Area",2048701,27780,120681,227131,270246,273012,116040,324598,61817,112436,232440,211152,71368,2013
"San Germán, PR Metro Area",32973,148,2817,5351,4747,6277,1330,4521,437,1767,3448,1368,762,2013
"San Jose-Sunnyvale-Santa Clara, CA Metro Area",878853,11481,54784,99822,144044,168931,63858,141147,24063,35046,65609,52243,17825,2013
"San Juan-Carolina-Caguas, PR Metro Area",685131,11824,37642,64916,94450,94066,28580,123426,15135,36874,59921,83584,34713,2013
"San Luis Obispo-Paso Robles-Arroyo Grande, CA Metro Area",118715,3060,20033,22807,18276,17219,5111,17948,2683,3979,3241,2829,1529,2013
"Santa Cruz-Watsonville, CA Metro Area",117783,2315,11122,19360,22054,15503,4304,13777,3351,4321,11633,7967,2076,2013
"Santa Fe, NM Metro Area",60678,1359,7590,10655,11242,9075,3381,6947,888,1919,4071,2633,918,2013
"Santa Maria-Santa Barbara, CA Metro Area",191414,8457,34095,40129,39061,23623,6742,19516,3013,2598,5586,5046,3548,2013
"Santa Rosa, CA Metro Area",218521,6757,27198,37470,38915,31733,11381,22745,5099,4410,12601,13270,6942,2013
"Savannah, GA Metro Area",155934,3261,14021,21200,25282,28348,13936,25539,5425,4272,9455,3960,1235,2013
"Scranton--Wilkes-Barre--Hazleton, PA Metro Area",243946,10358,33289,41425,42231,42634,15082,26071,4124,6188,11209,6935,4400,2013
"Searcy, AR Micro Area",30906,1179,5576,3972,5007,3326,1425,3284,665,836,3229,2243,164,2013
"Seattle-Tacoma-Bellevue, WA Metro Area",1683444,35074,109362,180098,235191,258452,118243,264233,61752,86209,172792,119734,42304,2013
"Sebastian-Vero Beach, FL Metro Area",49643,1391,5455,9199,8663,8465,3285,5632,973,1649,2743,1154,1034,2013
"Sebring, FL Metro Area",29146,1311,4705,5008,6844,3269,890,3563,35,569,1308,1211,433,2013
"Seneca, SC Micro Area",28570,243,3003,3630,5634,5321,1866,4737,422,483,1081,1388,762,2013
"Sevierville, TN Micro Area",39875,1238,4116,3926,7412,6288,3041,6172,1351,1773,2980,1239,339,2013
"Shawnee, OK Micro Area",27500,848,4106,5624,3973,3736,1176,2453,805,922,2228,1160,469,2013
"Sheboygan, WI Metro Area",55429,3218,9006,13313,11407,7069,2215,2686,845,832,2790,1608,440,2013
"Shelby, NC Micro Area",41630,1577,4842,6132,8219,6597,3323,3317,492,1133,2923,2448,627,2013
"Sherman-Denison, TX Metro Area",49391,1882,5163,10333,9685,6178,1855,5160,506,868,2825,3363,1573,2013
"Show Low, AZ Micro Area",30632,2471,7230,4954,4279,1774,644,3503,657,846,1993,1390,891,2013
"Shreveport-Bossier City, LA Metro Area",190312,4352,16399,33277,43523,39509,9434,21028,3265,3203,9089,4675,2558,2013
"Sierra Vista-Douglas, AZ Metro Area",45529,3791,7904,7380,7479,7740,2611,3621,626,700,1670,1583,424,2013
"Sioux City, IA-NE-SD Metro Area",79617,4577,16503,15556,15157,11112,3480,6001,1221,1037,2395,1681,897,2013
"Sioux Falls, SD Metro Area",129714,5100,18044,25336,30696,24948,6237,9040,1347,1594,2645,3125,1602,2013
"Somerset, PA Micro Area",31780,2137,4303,4229,4855,4671,1767,4146,639,1057,1524,1628,824,2013
"South Bend-Mishawaka, IN-MI Metro Area",134853,3174,15178,24242,23814,22492,11870,15458,3204,3314,6676,3652,1779,2013
"Spartanburg, SC Metro Area",134073,3641,15198,17678,24564,24256,9572,18620,4791,3455,6071,3060,3167,2013
"Spokane-Spokane Valley, WA Metro Area",215114,9274,25696,33189,40854,34883,14793,25972,4358,6568,10546,5289,3692,2013
"Springfield, IL Metro Area",97380,4264,13463,17195,21769,15611,7018,8498,1293,2713,2745,2090,721,2013
"Springfield, MA Metro Area",272382,9221,31059,44081,42111,45397,20657,34373,7611,7863,16577,8779,4653,2013
"Springfield, MO Metro Area",196812,8511,23586,30590,34239,32678,12839,26682,5228,5588,9725,3187,3959,2013
"Springfield, OH Metro Area",57046,1889,6975,11382,10505,6844,4308,5041,1886,1878,3529,1855,954,2013
"State College, PA Metro Area",68958,3054,8008,14500,13354,11258,3525,6873,1311,1630,2904,1151,1390,2013
"Statesboro, GA Micro Area",28061,839,6846,5294,2934,3456,593,1823,491,959,2208,2531,87,2013
"Staunton-Waynesboro, VA Metro Area",51129,531,6377,10584,9460,7887,2378,6139,2657,1574,1493,1318,731,2013
"Stevens Point, WI Micro Area",33173,1799,7241,7958,5385,2977,1769,2106,842,904,982,686,524,2013
"Stillwater, OK Micro Area",32929,2537,8102,6831,5343,3978,1228,1959,206,315,687,968,775,2013
"Stockton-Lodi, CA Metro Area",258856,6425,26841,41148,38289,35233,11437,25325,4614,5578,17393,25226,21347,2013
"Sumter, SC Metro Area",44353,2155,5320,9078,9958,6025,1764,4622,173,289,1836,2389,744,2013
"Sunbury, PA Micro Area",39944,1551,6055,5790,5927,5849,3223,5165,1047,610,2202,1759,766,2013
"Syracuse, NY Metro Area",290893,14341,34616,48527,51841,49262,21770,33788,6391,6940,11960,6345,5112,2013
"Talladega-Sylacauga, AL Micro Area",32224,1558,3136,5518,6034,4124,1774,3417,1422,323,2200,2065,653,2013
"Tallahassee, FL Metro Area",165915,6084,16960,25348,29053,32503,10709,22183,4367,5198,7490,4316,1704,2013
"Tampa-St. Petersburg-Clearwater, FL Metro Area",1200123,27952,105890,147598,178564,196966,80226,177414,38509,51325,109966,64783,20930,2013
"Terre Haute, IN Metro Area",66951,3724,9004,9903,12812,12076,3508,6748,1836,1703,2199,1867,1571,2013
"Texarkana, TX-AR Metro Area",58570,2477,7972,13291,12221,9984,2543,4825,658,1314,1707,1209,369,2013
"The Villages, FL Metro Area",18416,680,2148,1128,5121,2470,875,2039,673,668,1522,653,439,2013
"Toledo, OH Metro Area",262165,11047,35387,44280,46673,49837,18274,27674,4924,5333,8856,5938,3942,2013
"Topeka, KS Metro Area",102595,3470,14428,19743,21192,15172,5090,9623,2404,1533,3942,3750,2248,2013
"Torrington, CT Micro Area",92409,4499,9790,12565,12274,14039,4265,10477,3676,4125,8298,5789,2612,2013
"Traverse City, MI Micro Area",61362,2381,6723,10604,10279,9217,6083,7418,1230,2092,2698,1486,1151,2013
"Trenton, NJ Metro Area",166952,3696,15064,24949,30028,26284,8598,18173,3351,5195,11159,11894,8561,2013
"Truckee-Grass Valley, CA Micro Area",32378,937,3920,6061,5864,4508,1917,2746,637,632,2093,2502,561,2013
"Tucson, AZ Metro Area",399041,8827,31059,54458,66681,67078,32023,61925,13138,15539,29513,11248,7552,2013
"Tullahoma-Manchester, TN Micro Area",39886,1417,8480,5520,6483,6638,2230,3431,519,1129,2140,1388,511,2013
"Tulsa, OK Metro Area",422794,13243,47566,67099,82438,75664,28606,58281,8418,8612,18899,8800,5168,2013
"Tupelo, MS Micro Area",56768,1368,6116,12809,9254,11222,3107,6655,494,1460,3228,497,558,2013
"Tuscaloosa, AL Metro Area",95187,1255,8282,14434,20920,18123,6963,11155,1188,1927,6363,3461,1116,2013
"Twin Falls, ID Micro Area",44675,2348,10392,9979,7133,5487,1318,3675,852,497,1338,1245,411,2013
"Tyler, TX Metro Area",91763,3648,11597,14980,17288,12578,4276,13691,1187,2248,3116,2935,4219,2013
"Ukiah, CA Micro Area",31305,4028,8641,4826,3449,2417,840,2427,363,642,1555,1283,834,2013
"Urban Honolulu, HI Metro Area",461948,8323,38120,52844,62792,65661,26304,87418,9754,17302,48179,32956,12295,2013
"Utica-Rome, NY Metro Area",123316,7547,19854,24987,20144,17908,6522,10742,2451,3096,5495,2770,1800,2013
"Valdosta, GA Metro Area",57717,2248,8623,10461,14063,9938,2311,5198,684,599,1594,1012,986,2013
"Vallejo-Fairfield, CA Metro Area",176956,3568,17906,26451,25855,18745,6274,20402,5472,6150,17782,18361,9990,2013
"Victoria, TX Metro Area",42172,1290,7590,9261,8931,4870,1670,3149,533,781,2025,1090,982,2013
"Vineland-Bridgeton, NJ Metro Area",55735,2403,7366,9884,12259,5912,2628,5031,1594,2571,3294,1959,834,2013
"Virginia Beach-Norfolk-Newport News, VA-NC Metro Area",805713,16957,71502,115583,144822,137704,61374,110284,20465,26381,57348,29755,13538,2013
"Visalia-Porterville, CA Metro Area",157496,6726,24073,30605,27349,20644,7602,14411,3840,5262,8112,6385,2487,2013
"Waco, TX Metro Area",112811,4346,14812,24697,25648,18634,5218,10645,1108,688,3261,2019,1735,2013
"Walla Walla, WA Metro Area",24368,2136,5777,6502,5184,2028,318,1290,59,146,555,359,14,2013
"Warner Robins, GA Metro Area",74926,1834,8727,11413,15105,14372,5613,9503,1649,910,3213,1770,817,2013
"Warsaw, IN Micro Area",35527,2720,5230,7062,6398,4171,2735,3259,179,911,1350,765,747,2013
"Washington-Arlington-Alexandria, DC-VA-MD-WV Metro Area",2962993,39331,141581,247245,339734,358103,176906,472158,119118,173476,405083,362716,127542,2013
"Waterloo-Cedar Falls, IA Metro Area",81375,3489,17869,20752,15161,9571,4169,5088,729,944,1308,1479,816,2013
"Watertown-Fort Atkinson, WI Micro Area",40925,2823,6908,7084,3969,5285,2232,4069,1920,1637,2806,1334,858,2013
"Watertown-Fort Drum, NY Metro Area",51199,4305,8718,9651,8256,6266,4525,4200,1019,1127,1989,637,506,2013
"Wausau, WI Metro Area",65951,3573,9558,12783,13927,10315,4336,4902,1087,1128,2298,954,1090,2013
"Weirton-Steubenville, WV-OH Metro Area",50614,2354,7744,6394,7672,7136,2138,5395,962,1737,5033,2947,1102,2013
"Wenatchee, WA Metro Area",48157,2968,7574,11090,9875,6185,1278,3567,318,1101,2312,993,896,2013
"Wheeling, WV-OH Metro Area",62364,2465,8916,11383,11403,9534,3032,4792,1073,2089,4607,2224,846,2013
"Whitewater-Elkhorn, WI Micro Area",49574,2676,8160,6484,7810,5363,3583,4880,1079,683,4797,2575,1484,2013
"Wichita, KS Metro Area",287611,11770,39284,52394,54283,54117,19193,30212,6208,5259,8989,3501,2401,2013
"Wichita Falls, TX Metro Area",65893,3788,13997,17702,14020,6792,2314,3205,656,200,924,1275,1020,2013
"Williamsport, PA Metro Area",50258,3320,7672,9312,9665,6868,3516,3915,1331,971,1734,895,1059,2013
"Wilmington, NC Metro Area",119316,2523,12825,21223,24173,19117,8497,14500,2783,2475,5529,3588,2083,2013
"Wilson, NC Micro Area",34939,1428,3331,8273,6911,6562,1859,2552,371,620,2326,335,371,2013
"Winchester, VA-WV Metro Area",59605,1496,6079,8190,10478,8041,3548,3926,977,2006,6077,6101,2686,2013
"Winston-Salem, NC Metro Area",269063,7161,25765,44791,53092,45284,21118,31557,5815,7557,13857,7695,5371,2013
"Wisconsin Rapids-Marshfield, WI Micro Area",34447,1686,7104,8417,4570,3764,2096,2907,524,623,1233,875,648,2013
"Wooster, OH Micro Area",51728,4025,6536,9380,9353,7161,3446,4619,1350,1242,2368,1469,779,2013
"Worcester, MA-CT Metro Area",427965,12563,41945,56188,59965,54727,30231,53470,12633,16702,42269,34664,12608,2013
"Yakima, WA Metro Area",95192,3939,12657,16947,22704,18248,4520,9026,1041,1234,2816,1268,792,2013
"York-Hanover, PA Metro Area",207298,5811,22390,28374,30921,28739,15711,21421,5604,9147,16702,16573,5905,2013
"Youngstown-Warren-Boardman, OH-PA Metro Area",225855,10307,29986,39871,44706,32753,13241,22761,4345,5445,10115,8974,3351,2013
"Yuba City, CA Metro Area",57934,1745,7582,8511,8982,6733,2191,3830,1571,2071,6707,6670,1341,2013
"Yuma, AZ Metro Area",70824,3215,10813,15472,11587,10196,5814,8600,615,875,1176,1719,742,2013
"Zanesville, OH Micro Area",35610,658,3649,6672,7449,5291,2292,3174,862,1148,1771,2012,632,2013
"Aberdeen, WA Micro Area",23731,709,5071,3686,3477,2650,809,2143,616,857,1368,1449,896,2013
"Abilene, TX Metro Area",73721,4397,13279,19278,17532,7633,2225,4522,595,699,1098,1018,1445,2013
"Adrian, MI Micro Area",41580,2122,6660,6265,4002,5067,2534,4299,1281,1864,3996,2347,1143,2013
"Aguadilla-Isabela, PR Metro Area",74482,2919,9856,8935,13086,8173,4941,7417,2822,2738,7097,3776,2722,2013
"Akron, OH Metro Area",321684,8752,32881,48780,57202,51507,25812,36695,11576,14333,20056,9799,4291,2013
"Alamogordo, NM Micro Area",23638,1566,5088,4050,4346,2918,968,2038,216,174,1380,576,318,2013
"Albany, GA Metro Area",54969,1705,8322,9246,11661,9658,3183,5230,1036,1414,1017,1070,1427,2013
"Albany, OR Metro Area",45053,2953,5774,7385,5140,7065,2981,5533,1381,1473,2352,2337,679,2013
"Albany-Schenectady-Troy, NY Metro Area",406392,12113,39665,62332,73611,71539,29858,50795,11540,16938,23702,9683,4616,2013
"Albertville, AL Micro Area",35713,1353,5960,7235,6925,3649,1184,2544,959,1092,2196,1902,714,2013
"Albuquerque, NM Metro Area",380845,11109,37212,56634,66524,69040,29194,52623,9556,11860,19705,10475,6913,2013
"Alexandria, LA Metro Area",58088,1979,4696,10403,12518,8912,3910,7961,1138,959,2596,681,2335,2013
"Allentown-Bethlehem-Easton, PA-NJ Metro Area",368513,13673,37839,53547,51195,51840,26291,44952,10423,11180,27647,26422,13504,2013
"Altoona, PA Metro Area",55471,3929,10281,11159,9435,6274,4180,3848,1038,1149,2063,1222,893,2013
"Amarillo, TX Metro Area",120417,5755,14848,30068,28095,15911,4761,9020,1788,2221,2670,4003,1277,2013
"Ames, IA Metro Area",47682,2135,9146,12700,7587,6720,1303,3763,746,667,2201,442,272,2013
"Anchorage, AK Metro Area",188815,5456,19966,38971,41184,30197,10001,14125,2221,3509,9743,7974,5468,2013
"Ann Arbor, MI Metro Area",160288,3903,14500,24821,31504,25712,12657,16842,5972,6688,10639,5676,1374,2013
"Anniston-Oxford-Jacksonville, AL Metro Area",40536,1180,4313,5734,5453,6846,2814,4804,2096,1061,3472,1914,849,2013
"Appleton, WI Metro Area",117384,5052,15603,23007,23632,19167,7368,10738,3137,2311,3441,1991,1937,2013
"Arecibo, PR Metro Area",50336,792,3221,4979,6032,9073,4231,6782,2046,2964,4390,3478,2348,2013
"Asheville, NC Metro Area",183546,6379,21819,32764,34874,32843,13532,18649,3943,4010,7167,4331,3235,2013
"Ashtabula, OH Micro Area",39382,1789,5451,5174,5186,4544,2812,4234,1262,877,3460,3438,1155,2013
"Athens, TX Micro Area",26407,1150,2715,4691,3884,2827,920,2367,930,936,2996,1477,1514,2013
"Athens-Clarke County, GA Metro Area",84849,2662,7862,15208,17454,14780,4102,9258,978,2319,4450,3628,2148,2013
"Atlanta-Sandy Springs-Roswell, GA Metro Area",2369931,41686,144359,255204,312571,360622,135252,367105,83085,111028,287536,201852,69631,2013
"Atlantic City-Hammonton, NJ Metro Area",119356,3669,13138,17734,22507,18808,7768,14580,2835,2207,5388,6678,4044,2013
"Auburn, NY Micro Area",34917,3167,5354,5216,4792,4136,2459,2707,888,1860,2078,1622,638,2013
"Auburn-Opelika, AL Metro Area",67957,1516,7852,10276,16474,9653,2689,10661,1895,1591,2589,1718,1043,2013
"Augusta-Richmond County, GA-SC Metro Area",227336,3594,16956,34016,48581,41799,15500,30570,6676,5825,13255,6716,3848,2013
"Augusta-Waterville, ME Micro Area",54183,3767,7226,7263,7685,8823,3522,5744,934,2176,3355,2861,827,2013
"Austin-Round Rock, TX Metro Area",893212,20515,68191,114629,141976,138219,58533,138864,25191,40081,81772,47989,17252,2013
"Bakersfield, CA Metro Area",307393,6776,37524,50723,61046,52341,16704,34438,3736,6005,15401,14949,7750,2013
"Baltimore-Columbia-Towson, MD Metro Area",1310551,20143,80539,132718,177853,183938,88870,205425,49197,67303,141513,112632,50420,2013
"Bangor, ME Metro Area",67440,3912,9898,13124,12565,8588,3753,5855,1142,1413,3669,1907,1614,2013
"Barnstable Town, MA Metro Area",94680,3627,10947,19308,15508,15535,3829,8794,1835,2401,4121,4705,4070,2013
"Baton Rouge, LA Metro Area",359469,7737,29524,40074,54105,61113,20913,55134,9710,12346,37537,23707,7569,2013
"Battle Creek, MI Metro Area",55981,2116,6615,11731,11923,8424,2110,4121,1419,1800,3124,1739,859,2013
"Bay City, MI Metro Area",43852,2014,6678,7112,5646,7274,4113,4546,1201,986,2327,984,971,2013
"Beaumont-Port Arthur, TX Metro Area",161037,6821,23052,22453,28400,26058,10667,23053,3501,3187,6217,4254,3374,2013
"Beaver Dam, WI Micro Area",39753,3895,6199,6429,4266,5030,2433,4503,887,1058,2623,1954,476,2013
"Beckley, WV Metro Area",42979,1647,4905,6092,8374,5619,1531,6235,771,1355,1424,4099,927,2013
"Bellingham, WA Metro Area",89709,5298,11057,18028,17456,15072,5220,7188,1281,1075,3570,1987,2477,2013
"Bend-Redmond, OR Metro Area",66928,3260,10405,18178,15559,5708,3575,4787,352,1296,2211,989,608,2013
"Billings, MT Metro Area",77339,2041,12381,16881,16354,12777,4160,5626,703,1325,1923,1958,1210,2013
"Binghamton, NY Metro Area",104916,3004,12941,22019,22857,18238,5763,9122,1724,2339,2908,2223,1778,2013
"Birmingham-Hoover, AL Metro Area",480430,9986,38713,54651,72986,77327,35284,83759,14738,19513,42929,22352,8192,2013
"Bismarck, ND Metro Area",66388,2393,11200,18281,13893,9592,1676,3512,332,419,1752,2251,1087,2013
"Blacksburg-Christiansburg-Radford, VA Metro Area",77544,4582,14573,13520,12203,9059,5250,6339,2530,1235,4220,2617,1416,2013
"Bloomington, IL Metro Area",96300,5209,17842,22390,17461,13536,3635,6734,896,1377,2748,2403,2069,2013
"Bloomington, IN Metro Area",73825,2620,13934,15856,15058,9790,3001,5374,597,1225,2659,2568,1143,2013
"Bloomsburg-Berwick, PA Metro Area",38743,1444,5401,7606,6065,5267,2467,4847,1064,1379,1993,620,590,2013
"Bluefield, WV-VA Micro Area",36797,1492,6221,7651,5755,4570,2093,2721,1297,988,1686,1413,910,2013
"Boise City, ID Metro Area",270048,8926,29022,40701,48579,50677,21728,34801,8692,8657,9992,5788,2485,2013
"Boston-Cambridge-Newton, MA-NH Metro Area",2297628,51500,175394,256087,280685,288417,144545,348557,80471,127525,260332,216945,67170,2013
"Boulder, CO Metro Area",146046,4640,16952,25628,24118,23702,9521,14253,4066,4359,10193,6142,2472,2013
"Bowling Green, KY Metro Area",72471,2973,8181,15562,15016,9846,4465,5979,1025,2356,3263,2507,1298,2013
"Bozeman, MT Micro Area",47995,2553,9720,11576,11246,5545,1731,3079,189,412,1095,512,337,2013
"Brainerd, MN Micro Area",38550,2192,6150,6588,5478,5415,2542,4280,825,908,1699,1252,1221,2013
"Branson, MO Micro Area",33785,2386,4736,3940,6832,3965,2131,3464,1222,1218,2449,1207,235,2013
"Bremerton-Silverdale, WA Metro Area",115125,3480,8184,18399,20405,16286,6509,12926,3045,3518,4800,7863,9710,2013
"Bridgeport-Stamford-Norwalk, CT Metro Area",426986,8926,39950,63678,68680,56921,18875,50240,9864,12741,31296,40507,25308,2013
"Brownsville-Harlingen, TX Metro Area",136744,4071,13428,20904,31367,27888,9801,16570,1576,3204,4062,2056,1817,2013
"Brunswick, GA Metro Area",40768,1530,5817,6698,8741,6120,1815,2848,678,289,3753,2157,322,2013
"Buffalo-Cheektowaga-Niagara Falls, NY Metro Area",512694,15193,61031,86201,94682,92131,39086,60729,15265,14186,21464,8215,4511,2013
"Burlington, NC Metro Area",65722,2016,7379,11507,13416,10430,3408,6005,2196,2099,3895,2021,1350,2013
"Burlington-South Burlington, VT Metro Area",106909,3566,12094,16195,21187,13074,7238,13901,4602,3493,7656,2875,1028,2013
"California-Lexington Park, MD Metro Area",51146,1006,5175,7047,9118,7514,2533,6309,1914,1056,2771,3620,3083,2013
"Canton-Massillon, OH Metro Area",175657,5769,23418,29577,31517,26563,11770,19889,4979,4779,7914,7012,2470,2013
"Cape Coral-Fort Myers, FL Metro Area",243223,5075,14143,29291,37410,34322,13647,49765,9365,8474,22914,12532,6285,2013
"Cape Girardeau, MO-IL Metro Area",42094,1258,6870,9066,7439,4856,2276,3689,982,1065,2321,1215,1057,2013
"Carbondale-Marion, IL Metro Area",53088,2765,9793,9216,10351,7306,2421,3873,1027,1259,1711,2296,1070,2013
"Carson City, NV Metro Area",22384,978,5493,6761,3346,1920,850,1060,363,677,380,341,215,2013
"Casper, WY Metro Area",39908,1200,6173,11205,10942,5183,784,2243,115,32,333,288,1410,2013
"Cedar Rapids, IA Metro Area",129431,4624,18841,26188,28509,15308,10196,9059,4019,3367,5102,2818,1400,2013
"Centralia, WA Micro Area",26525,870,2963,4107,4224,3827,1823,3002,1169,866,1805,943,926,2013
"Chambersburg-Waynesboro, PA Metro Area",68592,4019,7357,13342,9927,8911,3904,8863,1945,1832,3553,3052,1887,2013
"Champaign-Urbana, IL Metro Area",108199,3655,15395,26837,20099,15654,7760,7849,1893,1777,2952,2733,1595,2013
"Charleston, WV Metro Area",92605,2663,11087,14338,14754,16995,6664,11773,2145,1800,4362,4150,1874,2013
"Charleston-Mattoon, IL Micro Area",26281,4469,5334,4856,3087,2619,1363,2285,455,389,604,649,171,2013
"Charleston-North Charleston, SC Metro Area",327409,9278,27734,43359,56655,53647,22519,54496,10403,10981,24773,10581,2983,2013
"Charlotte-Concord-Gastonia, NC-SC Metro Area",1030250,22881,84338,141855,165140,158099,72330,153747,38083,43919,83859,45604,20395,2013
"Charlottesville, VA Metro Area",94111,1729,7192,15680,18176,14691,5395,11908,1814,4271,5570,4548,3137,2013
"Chattanooga, TN-GA Metro Area",231980,6634,22327,29666,41913,41061,18082,37290,7586,5198,12350,6016,3857,2013
"Cheyenne, WY Metro Area",47468,4002,8783,13942,9359,5328,1348,2115,340,148,638,883,582,2013
"Chicago-Naperville-Elgin, IL-IN-WI Metro Area",4279656,79258,304771,448423,514942,547305,259309,652897,159775,243676,511233,426572,131495,2013
"Chico, CA Metro Area",82353,3789,16677,20806,12259,6265,4884,7765,1608,1531,3332,2127,1310,2013
"Chillicothe, OH Micro Area",26737,972,3620,3522,4105,4289,1376,2298,437,1923,1453,1636,1106,2013
"Cincinnati, OH-KY-IN Metro Area",959979,25128,82185,127000,152558,162163,78075,142119,38814,37190,69561,31714,13472,2013
"Claremont-Lebanon, NH-VT Micro Area",103089,6534,15349,13847,16070,13373,6302,12796,2834,4242,7077,2688,1977,2013
"Clarksburg, WV Micro Area",36654,1361,3950,6130,5645,5359,3004,3527,1670,1446,3015,987,560,2013
"Clarksville, TN-KY Metro Area",114411,5918,13985,16953,20989,18020,9158,13260,1147,2045,6176,5606,1154,2013
"Clearlake, CA Micro Area",17049,618,2103,3006,3587,1978,520,1865,82,900,693,578,1119,2013
"Cleveland, TN Metro Area",49090,1321,5472,10142,8635,6731,2588,4688,1145,1206,4416,1696,1050,2013
"Cleveland-Elyria, OH Metro Area",914727,20184,79277,118734,139829,154038,76016,139088,36488,39502,67862,30243,13466,2013
"Coeur d'Alene, ID Metro Area",58499,3643,8510,10303,11499,6653,3240,5639,1211,1174,3374,2465,788,2013
"College Station-Bryan, TX Metro Area",105164,3746,17827,23932,24848,13679,4647,7973,842,1669,2046,2517,1438,2013
"Colorado Springs, CO Metro Area",302196,7937,27873,48390,59286,58408,22172,35920,5763,7417,14817,9079,5134,2013
"Columbia, MO Metro Area",88084,3424,14216,20492,23333,10911,3362,5907,1759,941,2197,1060,482,2013
"Columbia, SC Metro Area",353776,19457,27989,42684,54800,64066,26714,58949,11026,10651,19885,11043,6512,2013
"Columbus, GA-AL Metro Area",119764,4982,12293,19003,25057,19230,9013,16012,2897,2192,5420,1166,2499,2013
"Columbus, IN Metro Area",36247,356,3937,9115,9575,5710,1708,2331,1097,95,974,998,351,2013
"Columbus, OH Metro Area",914761,22513,76423,124434,161657,169335,80930,129700,28230,31576,51434,27813,10716,2013
"Concord, NH Micro Area",70549,2264,7509,10455,10586,9109,4410,10125,2580,2751,5789,2959,2012,2013
"Cookeville, TN Micro Area",41690,1743,3664,6508,5396,7629,1554,8109,594,537,3337,1795,824,2013
"Coos Bay, OR Micro Area",22235,1803,4966,3862,4418,1673,885,1741,270,678,307,899,733,2013
"Corning, NY Micro Area",41132,2782,6613,6951,4985,6004,3173,3747,964,1039,2115,2067,692,2013
"Corpus Christi, TX Metro Area",197217,5289,29930,37090,41856,27917,8991,24499,3150,2887,8725,3670,3213,2013
"Corvallis, OR Metro Area",35337,1203,5609,7399,7331,4009,1567,2894,479,680,1734,1647,785,2013
"Crestview-Fort Walton Beach-Destin, FL Metro Area",109254,4131,16539,14434,16853,14617,7347,13623,4852,3940,6081,4898,1939,2013
"Cullman, AL Micro Area",31255,3062,2976,5031,4110,3307,953,3761,304,985,2833,3140,793,2013
"Cumberland, MD-WV Metro Area",37943,1998,5056,5887,6818,7216,2195,3422,739,634,1827,1318,833,2013
"Dallas-Fort Worth-Arlington, TX Metro Area",3112015,58981,241245,376280,445923,444906,210899,525926,101036,139656,316867,191046,59250,2013
"Dalton, GA Metro Area",59162,1171,3208,7244,13499,15335,5004,6874,1517,2303,1210,1387,410,2013
"Danville, IL Metro Area",32318,1223,4226,7402,6482,3916,1565,3339,569,627,1766,405,798,2013
"Danville, VA Micro Area",40927,1266,5394,6603,8230,6560,2571,3897,923,1410,1895,1414,764,2013
"Daphne-Fairhope-Foley, AL Metro Area",81768,1862,6635,12988,13501,9794,5361,12060,1879,2317,10165,3732,1474,2013
"Davenport-Moline-Rock Island, IA-IL Metro Area",175932,7235,23320,31163,34548,31709,11889,17823,2647,2670,7545,3785,1598,2013
"Dayton, OH Metro Area",345966,10608,40588,58019,62028,66913,26061,39875,7405,8228,13629,7807,4805,2013
"Decatur, AL Metro Area",60831,1468,5550,8812,10696,6794,3743,9076,2110,2715,7161,1731,975,2013
"Decatur, IL Metro Area",47408,1201,8060,10338,10603,8712,2044,2199,355,418,1771,960,747,2013
"Deltona-Daytona Beach-Ormond Beach, FL Metro Area",215680,4432,18977,34777,35523,39123,16197,25170,6034,6893,12345,13011,3198,2013
"Denver-Aurora-Lakewood, CO Metro Area",1266595,21884,90160,141109,185578,206443,94304,212049,46476,63345,115257,63905,26085,2013
"Des Moines-West Des Moines, IA Metro Area",304593,10486,37317,49075,61877,54294,26177,36284,6427,5343,9994,3957,3362,2013
"Detroit-Warren-Dearborn, MI Metro Area",1799262,36879,146779,216886,269945,278468,141880,272420,75262,83679,159540,82435,35089,2013
"Dothan, AL Metro Area",59628,1530,6689,8845,11516,9266,2299,11042,1412,800,3581,1456,1192,2013
"Dover, DE Metro Area",72997,2535,6884,14481,11204,9536,3578,5650,2450,1978,5832,5565,3304,2013
"DuBois, PA Micro Area",30696,1832,4479,4358,3920,2971,1896,3633,568,1243,2456,2043,1297,2013
"Dubuque, IA Metro Area",47646,2177,8888,12738,8607,6015,1499,3996,478,423,1092,926,807,2013
"Duluth, MN-WI Metro Area",128465,7384,19810,24362,22422,18341,7657,11728,2946,3635,5447,2843,1890,2013
"Dunn, NC Micro Area",47570,1271,4215,4553,5990,6538,4099,7104,2567,1880,5965,2377,1011,2013
"Durham-Chapel Hill, NC Metro Area",238824,5361,20963,38883,49466,38866,15140,30840,6488,7558,14108,7716,3435,2013
"East Stroudsburg, PA Metro Area",72465,2411,6416,9692,7547,8016,4169,7912,1701,2491,5817,7557,8736,2013
"Eau Claire, WI Metro Area",78615,3262,14745,16243,15345,9642,4498,6332,1305,1131,2623,1905,1584,2013
"El Centro, CA Metro Area",55949,2460,10274,11366,8744,9108,3348,6026,603,1227,872,806,1115,2013
"Elizabeth City, NC Micro Area",25115,1537,2491,3828,4171,3296,735,3030,216,600,1735,2271,1205,2013
"Elizabethtown-Fort Knox, KY Metro Area",65479,2164,8975,11026,10689,9689,3821,6964,2176,1769,4334,2649,1223,2013
"Elkhart-Goshen, IN Metro Area",89434,4666,11807,14363,19014,14444,8732,7955,1756,1426,3370,1055,846,2013
"Elmira, NY Metro Area",36750,1625,6372,7322,7315,4753,2147,3176,408,813,1266,957,596,2013
"El Paso, TX Metro Area",329138,5584,26072,49532,62924,66179,23944,53706,6474,8981,12123,8105,5514,2013
"Erie, PA Metro Area",122812,5681,17341,25798,21806,21210,7772,11794,2047,2209,3610,2476,1068,2013
"Eugene, OR Metro Area",144478,5517,16714,30646,33705,23595,8778,11591,1820,2833,3054,4603,1622,2013
"Eureka-Arcata-Fortuna, CA Micro Area",51034,2889,9938,12843,8191,6282,2528,4408,490,605,945,1372,543,2013
"Evansville, IN-KY Metro Area",137541,2400,15159,25469,30004,25845,8528,15580,2369,1971,5145,3180,1891,2013
"Fairbanks, AK Metro Area",49101,1835,6125,11689,11206,8313,2239,4123,830,312,865,178,1386,2013
"Fargo, ND-MN Metro Area",119700,5517,19237,30314,29259,16279,4448,6815,1201,1232,2058,2632,708,2013
"Faribault-Northfield, MN Micro Area",29192,1423,5854,5441,3159,3824,1079,1939,688,1117,2516,2018,134,2013
"Farmington, MO Micro Area",23345,881,2934,3940,4313,2302,1178,1807,525,459,1194,2496,1316,2013
"Farmington, NM Metro Area",48429,2183,7521,7056,8867,5626,1333,7537,657,1173,1579,3235,1662,2013
"Fayetteville, NC Metro Area",155747,5413,13802,23662,35022,30092,9628,21358,2825,2346,6074,3738,1787,2013
"Fayetteville-Springdale-Rogers, AR-MO Metro Area",215507,8614,25179,37744,42331,34260,13538,25176,5857,5820,11275,3339,2374,2013
"Findlay, OH Micro Area",34812,1644,8400,8329,5828,4097,1440,1591,712,763,590,1070,348,2013
"Flagstaff, AZ Metro Area",61099,4255,12472,14200,11785,5498,1891,3875,724,1026,2672,1120,1581,2013
"Flint, MI Metro Area",153047,4108,17763,23123,25867,27189,8768,12462,3809,3570,12072,10981,3335,2013
"Florence, SC Metro Area",78531,2120,9979,10702,14436,12766,5430,9772,1264,1271,5908,1629,3254,2013
"Florence-Muscle Shoals, AL Metro Area",60592,1538,7401,12081,9741,8612,3140,6237,1821,1584,4421,2598,1418,2013
"Fond du Lac, WI Metro Area",50158,2408,8027,10661,7851,5771,3534,4897,1659,844,1928,1622,956,2013
"Forest City, NC Micro Area",23895,295,2364,4927,3679,3531,720,2923,294,1018,1987,1644,513,2013
"Fort Collins, CO Metro Area",146950,5869,16939,30012,27838,22712,8509,11700,3143,3556,7707,7279,1686,2013
"Fort Smith, AR-OK Metro Area",107680,6424,12487,18204,22632,15019,6013,14710,1014,2396,5456,2009,1316,2013
"Fort Wayne, IN Metro Area",188400,6828,19592,30813,35470,39590,16366,19761,2596,3374,8247,2934,2829,2013
"Frankfort, KY Micro Area",30432,472,5987,5227,6274,3667,1699,2559,384,568,1813,1382,400,2013
"Fresno, CA Metro Area",345222,10934,32122,51396,85727,60883,21447,38158,5052,7786,14344,10833,6540,2013
"Gadsden, AL Metro Area",37687,650,3778,7414,7646,6580,1481,3849,711,907,1362,2322,987,2013
"Gainesville, FL Metro Area",114353,2989,12183,20033,26941,19722,6777,14368,1480,2349,4068,2437,1006,2013
"Gainesville, GA Metro Area",81007,1027,6967,11286,15030,14025,4831,10481,2391,1961,5494,4983,2531,2013
"Gallup, NM Micro Area",18076,1400,2227,3248,3405,1326,167,2087,203,334,1686,1522,471,2013
"Gettysburg, PA Metro Area",47462,2203,4792,6431,8068,6413,2412,5229,1126,1409,4420,2642,2317,2013
"Glens Falls, NY Metro Area",57587,3484,7377,9063,9576,6641,4111,5727,1486,2538,2682,3921,981,2013
"Glenwood Springs, CO Micro Area",32662,2057,6593,4382,4552,4155,1840,2695,302,837,2234,2299,716,2013
"Goldsboro, NC Metro Area",51753,2280,5550,10482,10180,8366,3706,5237,1090,1159,1807,1472,424,2013
"Grand Forks, ND-MN Metro Area",51136,4206,11362,12608,10153,4913,1576,2784,351,1049,1025,589,520,2013
"Grand Island, NE Metro Area",40551,3416,7730,10124,7385,3823,1914,1983,724,716,1008,599,1129,2013
"Grand Junction, CO Metro Area",62075,1135,10804,15815,14167,8381,2115,4289,511,191,1463,884,2320,2013
"Grand Rapids-Wyoming, MI Metro Area",456588,15102,53776,71797,85198,77221,32795,51268,11409,13582,24171,12457,7812,2013
"Grants Pass, OR Metro Area",24990,973,4329,6306,3553,2506,703,1728,725,1444,1949,293,481,2013
"Great Falls, MT Metro Area",38829,1624,8457,9982,9024,4608,939,2134,393,469,466,350,383,2013
"Greeley, CO Metro Area",117516,4523,14074,14254,18639,14815,6397,15092,4405,5275,11116,6944,1982,2013
"Green Bay, WI Metro Area",148458,5785,19101,30507,30323,25032,7287,13163,2685,3926,6290,2825,1534,2013
"Greeneville, TN Micro Area",25615,437,3290,3867,5047,3503,1276,2757,506,567,2230,1854,281,2013
"Greenfield Town, MA Micro Area",35024,2086,4136,4985,5144,4337,1699,4397,1745,1467,2822,1248,958,2013
"Greensboro-High Point, NC Metro Area",311839,6122,28181,61619,60249,50919,26048,36575,8568,7689,13133,5736,7000,2013
"Greenville, NC Metro Area",76884,2235,10850,17379,19094,9316,2091,8673,1148,1245,2475,1723,655,2013
"Greenville-Anderson-Mauldin, SC Metro Area",357877,8578,37855,57267,69167,63462,24854,49176,10199,10183,16527,6158,4451,2013
"Greenwood, SC Micro Area",34968,1784,4426,7257,4334,4414,1745,3579,972,406,3659,1734,658,2013
"Guayama, PR Metro Area",15200,274,1018,938,3769,3687,605,2549,0,561,386,869,544,2013
"Gulfport-Biloxi-Pascagoula, MS Metro Area",161102,6966,19134,24465,29934,25803,6532,21096,4634,3338,8828,6667,3705,2013
"Hagerstown-Martinsburg, MD-WV Metro Area",111206,3931,10413,14830,17069,14772,8145,12007,2863,3436,8188,7239,8313,2013
"Hammond, LA Metro Area",50381,1712,4034,9127,7632,5713,2457,4608,881,1155,5792,5041,2229,2013
"Hanford-Corcoran, CA Metro Area",52391,2358,8600,11399,8098,5586,2729,4717,1168,1929,2921,2079,807,2013
"Harrisburg-Carlisle, PA Metro Area",263859,8832,32016,44686,45110,48221,15557,27171,6389,6412,18103,6926,4436,2013
"Harrisonburg, VA Metro Area",59186,2491,10513,12739,10491,7888,3777,6050,853,919,1734,707,1024,2013
"Hartford-West Hartford-East Hartford, CT Metro Area",563761,15986,53042,83181,94198,96419,40748,78050,17490,22957,34391,19365,7934,2013
"Hattiesburg, MS Metro Area",63533,1907,9295,12861,12239,9016,2692,6785,1377,1839,2107,1364,2051,2013
"Helena, MT Micro Area",36956,2121,5729,8346,7824,5298,1633,3119,172,647,825,706,536,2013
"Hermiston-Pendleton, OR Micro Area",34010,3179,6607,7725,3707,5086,1400,2622,1331,793,845,570,145,2013
"Hickory-Lenoir-Morganton, NC Metro Area",142192,4597,15883,27028,27991,22258,7196,16552,2375,3367,6430,5541,2974,2013
"Hilo, HI Micro Area",71974,2420,8301,9163,11255,9502,2342,12112,978,1536,5970,4434,3961,2013
"Hilton Head Island-Bluffton-Beaufort, SC Metro Area",83609,2385,10740,15681,12704,11625,4400,11595,2066,2325,4878,4106,1104,2013
"Hinesville, GA Metro Area",33573,1046,5188,6801,5794,4365,1886,2028,696,610,2436,1256,1467,2013
"Hobbs, NM Micro Area",27830,1487,3820,7482,5758,2922,1245,1825,131,119,583,1523,935,2013
"Holland, MI Micro Area",49284,1898,5488,6329,5660,6606,4673,6972,2990,2728,3630,1209,1101,2013
"Homosassa Springs, FL Metro Area",39911,358,5275,5545,6356,4752,2790,6377,1569,830,3092,1610,1357,2013
"Hot Springs, AR Metro Area",35933,802,5048,6022,7456,5481,2141,2100,260,608,2546,1979,1490,2013
"Houma-Thibodaux, LA Metro Area",87384,3486,10645,15156,15395,8883,4574,10450,2430,3171,6925,2716,3553,2013
"Houston-The Woodlands-Sugar Land, TX Metro Area",2834241,49080,188240,305663,393492,404465,166750,491911,89581,126389,315025,238870,64775,2013
"Huntington-Ashland, WV-KY-OH Metro Area",135531,4828,16567,20400,22693,24212,8670,13659,4132,4104,8458,3894,3914,2013
"Huntsville, AL Metro Area",194117,4495,18971,27215,35443,38782,16629,28121,5408,4369,8326,3940,2418,2013
"Huntsville, TX Micro Area",24924,647,2335,3555,4189,4025,749,3828,177,812,2146,1775,686,2013
"Hutchinson, KS Micro Area",27913,1537,5651,6618,5432,3055,1543,1548,386,325,768,790,260,2013
"Idaho Falls, ID Metro Area",54067,1896,8637,11860,11825,6960,2286,3715,864,530,2161,2114,1219,2013
"Indiana, PA Micro Area",35756,1434,6787,5424,5100,5399,2351,3520,610,1013,1696,1382,1040,2013
"Indianapolis-Carmel-Anderson, IN Metro Area",883611,24923,85379,106943,133961,145155,71172,133041,38238,39270,62781,31665,11083,2013
"Iowa City, IA Metro Area",84549,5279,10890,14545,17087,14509,4883,9642,1744,2054,1799,1418,699,2013
"Ithaca, NY Metro Area",47103,2721,7710,7435,10752,8409,1956,4795,381,448,1393,661,442,2013
"Jackson, MI Metro Area",62345,1712,9715,9874,11170,8958,3142,5787,1443,1655,4716,3007,1166,2013
"Jackson, MS Metro Area",240460,5286,22100,32271,38575,44042,17169,40480,5183,5903,19676,5957,3818,2013
"Jackson, TN Metro Area",51065,1219,6346,12939,11363,6645,2142,4956,668,961,1529,1747,550,2013
"Jacksonville, FL Metro Area",598160,8077,48857,69157,85966,115395,45765,100602,20444,19648,47944,24497,11808,2013
"Jacksonville, NC Metro Area",85690,4058,8798,10307,13213,15577,4901,13241,1387,2169,6193,3608,2238,2013
"Jamestown-Dunkirk-Fredonia, NY Micro Area",53547,4214,12398,10577,9182,4596,2058,4089,733,851,2441,1741,667,2013
"Janesville-Beloit, WI Metro Area",69871,1972,9468,13547,11280,9564,4222,5980,2144,2185,5588,3092,829,2013
"Jefferson City, MO Metro Area",62688,2621,8777,12189,12089,9177,3064,6743,686,1737,3446,1109,1050,2013
"Johnson City, TN Metro Area",85900,2869,11981,12671,15411,14734,7282,8370,2386,2285,4981,1475,1455,2013
"Johnstown, PA Metro Area",56593,3318,7660,10748,7734,8336,3329,5306,1272,1753,3744,1855,1538,2013
"Jonesboro, AR Metro Area",51875,1699,8712,10570,11687,6406,2363,5198,624,472,1508,1930,706,2013
"Joplin, MO Metro Area",75523,2610,11138,13954,13079,12495,5353,8403,2048,1611,2189,1853,790,2013
"Kahului-Wailuku-Lahaina, HI Metro Area",77639,4196,10834,14884,12307,9005,4028,9003,2411,1813,5972,2793,393,2013
"Kalamazoo-Portage, MI Metro Area",145386,5627,17385,25182,31026,24494,8895,13819,3455,4230,5736,3309,2228,2013
"Kalispell, MT Micro Area",42876,3017,7309,8267,6579,5703,3025,5477,244,528,1453,462,812,2013
"Kankakee, IL Metro Area",47966,2182,6577,8549,7806,6819,1463,5199,1452,517,4350,1424,1628,2013
"Kansas City, MO-KS Metro Area",964004,25837,102666,134662,164736,159122,75465,144347,31937,30845,59908,22690,11789,2013
"Kapaa, HI Micro Area",31266,792,4014,4416,5024,5417,1447,5640,722,686,1881,880,347,2013
"Keene, NH Micro Area",34688,1272,5968,6108,5133,4360,1618,4027,1083,812,2046,1095,1166,2013
"Kennewick-Richland, WA Metro Area",112286,4047,16073,17714,23475,18916,5221,10100,3066,3008,5274,4323,1069,2013
"Key West, FL Micro Area",33685,2360,7065,8663,5318,2931,396,2178,295,1321,1446,1152,560,2013
"Killeen-Temple, TX Metro Area",175968,6644,27378,31991,37859,24892,8978,15569,2882,4300,9811,4241,1423,2013
"Kingsport-Bristol-Bristol, TN-VA Metro Area",119309,5311,11652,21091,21218,15125,9105,17703,3017,2078,7283,3105,2621,2013
"Kingston, NY Metro Area",78520,2879,8464,10935,10490,12381,5330,9257,2222,3151,4460,4330,4621,2013
"Klamath Falls, OR Micro Area",24979,2019,5388,5227,5280,2680,777,1648,395,101,674,363,427,2013
"Knoxville, TN Metro Area",355297,7151,33991,54418,65817,62972,25626,47767,9059,12049,21378,9951,5118,2013
"Kokomo, IN Metro Area",35542,1587,6293,8285,6744,3945,1026,1541,187,227,2754,1827,1126,2013
"La Crosse-Onalaska, WI-MN Metro Area",69199,3067,14366,13151,13304,10044,3893,4833,949,1859,1972,1081,680,2013
"Lafayette, LA Metro Area",212526,8364,25309,38064,35737,27506,12283,29725,4164,4869,8771,7493,10241,2013
"Lafayette-West Lafayette, IN Metro Area",92328,4298,13689,22208,18767,14251,2875,6879,1289,1760,2433,2305,1574,2013
"LaGrange, GA Micro Area",27995,249,4040,3572,6758,4734,1575,3239,500,186,1614,1105,423,2013
"Lake Charles, LA Metro Area",86976,1935,11088,16369,19703,14050,6373,9001,1058,456,2416,1567,2960,2013
"Lake City, FL Micro Area",26159,1046,3405,5495,4858,3509,723,1724,587,476,2186,1117,1033,2013
"Lake Havasu City-Kingman, AZ Metro Area",63320,5729,12074,13606,12774,6244,1978,3471,352,623,2560,1924,1985,2013
"Lakeland-Winter Haven, FL Metro Area",232263,6600,18189,29707,42932,38089,15504,28082,6504,9505,22757,10696,3698,2013
"Lancaster, PA Metro Area",238976,9341,28390,42785,37709,37125,16171,27131,6112,8567,11968,8472,5205,2013
"Lansing-East Lansing, MI Metro Area",208000,6931,28264,36417,44533,32964,14220,19026,4582,4481,7167,6116,3299,2013
"Laredo, TX Metro Area",89476,2291,8480,17130,20467,15762,3463,10536,743,2500,3604,2035,2465,2013
"Las Cruces, NM Metro Area",87395,2983,11343,17201,18844,12475,3858,8620,2041,1640,4568,3324,498,2013
"Las Vegas-Henderson-Paradise, NV Metro Area",879441,15810,57109,101528,156013,180769,82188,162792,22510,26039,38416,21737,14530,2013
"Laurel, MS Micro Area",32351,1500,1880,3851,6571,5689,1049,8291,659,290,1515,347,709,2013
"Lawrence, KS Metro Area",57079,2624,9402,11282,10973,6161,2864,5612,1161,1442,4022,1187,349,2013
"Lawton, OK Metro Area",53006,1478,6948,13161,13072,8588,1911,3518,1034,512,1005,1345,434,2013
"Lebanon, PA Metro Area",60529,2793,9152,8539,8591,8715,2365,7519,2452,1802,4994,2465,1142,2013
"Lewiston, ID-WA Metro Area",25972,1612,4470,7164,6519,3497,295,589,175,321,603,437,290,2013
"Lewiston-Auburn, ME Metro Area",48490,2089,5542,9542,6712,6831,2461,3981,1028,1994,5171,1844,1295,2013
"Lexington-Fayette, KY Metro Area",226725,6651,27398,38984,45555,39028,12709,28757,5628,4477,10165,4129,3244,2013
"Lima, OH Metro Area",46768,2363,8609,8586,10369,7112,2491,2917,1088,667,942,925,699,2013
"Lincoln, NE Metro Area",163766,4768,20733,34748,36593,30596,8059,16937,1532,1553,4683,2655,909,2013
"Little Rock-North Little Rock-Conway, AR Metro Area",325524,9842,29481,52105,56236,63430,19043,44589,9717,8475,19829,8935,3842,2013
"Logan, UT-ID Metro Area",56577,3639,11637,12689,12311,5552,1771,3291,1219,707,1587,1182,992,2013
"London, KY Micro Area",40015,2510,6058,7619,8526,4352,2671,3614,1311,193,1267,937,957,2013
"Longview, TX Metro Area",89016,3827,12848,13748,14973,15677,5166,10564,2148,2224,4392,1721,1728,2013
"Longview, WA Metro Area",38618,900,5819,7073,7666,4479,2514,2337,1015,1691,1769,2176,1179,2013
"Los Angeles-Long Beach-Anaheim, CA Metro Area",5663516,80239,365721,660711,810378,840264,320241,979170,151969,267377,527045,484049,176352,2013
"Louisville/Jefferson County, KY-IN Metro Area",574203,13612,47792,74276,98929,109080,52966,85859,20305,16534,31588,15852,7410,2013
"Lubbock, TX Metro Area",140328,5792,22479,37498,36138,17883,4097,7372,752,1125,3702,2422,1068,2013
"Lufkin, TX Micro Area",35039,1315,7119,8466,8129,3946,947,1915,174,209,740,959,1120,2013
"Lumberton, NC Micro Area",47298,1364,4084,8481,8909,7716,2632,5841,1452,753,2509,3083,474,2013
"Lynchburg, VA Metro Area",110781,3482,11583,19445,20319,13578,6276,16326,2846,4481,6396,3878,2171,2013
"Macon, GA Metro Area",81791,3051,8779,11337,16682,14451,4123,12865,1846,2066,3840,1376,1375,2013
"Madera, CA Metro Area",38436,819,3323,9229,5319,4137,1231,6621,1023,1429,2321,2291,693,2013
"Madison, WI Metro Area",326850,13697,39540,47768,58455,54968,26774,37900,8906,10595,15997,8890,3360,2013
"Manchester-Nashua, NH Metro Area",193202,6828,18508,26386,28425,27403,14211,21842,5541,8469,15918,13553,6118,2013
"Manhattan, KS Metro Area",46409,2413,8449,11383,10734,4943,1690,3472,1071,376,1081,433,364,2013
"Manitowoc, WI Micro Area",39656,3128,7049,7940,6238,4403,1901,3188,844,1692,1718,1131,424,2013
"Mankato-North Mankato, MN Metro Area",50720,2645,10311,12912,9849,6152,1925,3032,506,674,1071,1092,551,2013
